Zone,Date,Meals_Delivered,Revenue_â‚¹
Zone_1,2025-06-24,1030,363871
Zone_1,2025-06-25,1038,406600
Zone_1,2025-06-26,994,361406
Zone_1,2025-06-27,1085,387166
Zone_1,2025-06-28,982,381382
Zone_1,2025-06-29,982,355449
Zone_1,2025-06-30,1018,318218
Zone_1,2025-07-01,919,352965
Zone_1,2025-07-02,955,375510
Zone_1,2025-07-03,960,331103
Zone_1,2025-07-04,1079,361621
Zone_1,2025-07-05,1009,330783
Zone_1,2025-07-06,978,370280
Zone_1,2025-07-07,948,377090
Zone_1,2025-07-08,975,359925
Zone_1,2025-07-09,975,415068
Zone_1,2025-07-10,1005,340223
Zone_1,2025-07-11,1047,336027
Zone_1,2025-07-12,1016,317025
Zone_1,2025-07-13,939,372491
Zone_1,2025-07-14,1043,371835
Zone_1,2025-07-15,1000,359683
Zone_1,2025-07-16,931,348913
Zone_1,2025-07-17,982,394617
Zone_1,2025-07-18,1023,322082
Zone_1,2025-07-19,1022,357523
Zone_1,2025-07-20,971,383160
Zone_1,2025-07-21,1057,391380
Zone_1,2025-07-22,963,359475
Zone_1,2025-07-23,1022,392518
Zone_2,2025-06-24,5791,364388
Zone_2,2025-06-25,5605,338273
Zone_2,2025-06-26,6175,404236
Zone_2,2025-06-27,5912,395121
Zone_2,2025-06-28,6041,352515
Zone_2,2025-06-29,6041,408934
Zone_2,2025-06-30,5923,409622
Zone_2,2025-07-01,5156,390427
Zone_2,2025-07-02,5959,361459
Zone_2,2025-07-03,5961,317822
Zone_2,2025-07-04,5868,378415
Zone_2,2025-07-05,6372,355793
Zone_2,2025-07-06,5694,356220
Zone_2,2025-07-07,6205,377682
Zone_2,2025-07-08,5776,382451
Zone_2,2025-07-09,5962,394219
Zone_2,2025-07-10,5725,360719
Zone_2,2025-07-11,5817,331365
Zone_2,2025-07-12,6021,375933
Zone_2,2025-07-13,5935,363124
Zone_2,2025-07-14,5514,358316
Zone_2,2025-07-15,5832,348453
Zone_2,2025-07-16,5886,379628
Zone_2,2025-07-17,6493,373698
Zone_2,2025-07-18,6010,367263
Zone_2,2025-07-19,5364,368501
Zone_2,2025-07-20,5951,432844
Zone_2,2025-07-21,5876,376979
Zone_2,2025-07-22,5923,338984
Zone_2,2025-07-23,6273,388619
Zone_3,2025-06-24,2374,124387
Zone_3,2025-06-25,2444,119808
Zone_3,2025-06-26,2351,153213
Zone_3,2025-06-27,2170,127577
Zone_3,2025-06-28,2295,128162
Zone_3,2025-06-29,2106,133481
Zone_3,2025-06-30,2162,137247
Zone_3,2025-07-01,2179,147256
Zone_3,2025-07-02,2194,129849
Zone_3,2025-07-03,2376,121398
Zone_3,2025-07-04,2309,144999
Zone_3,2025-07-05,2100,134560
Zone_3,2025-07-06,2313,140114
Zone_3,2025-07-07,2142,120564
Zone_3,2025-07-08,2343,135605
Zone_3,2025-07-09,2312,136065
Zone_3,2025-07-10,2206,135003
Zone_3,2025-07-11,2317,126201
Zone_3,2025-07-12,2497,137250
Zone_3,2025-07-13,2147,138949
Zone_3,2025-07-14,2172,140163
Zone_3,2025-07-15,2416,125212
Zone_3,2025-07-16,2394,136682
Zone_3,2025-07-17,2377,150482
Zone_3,2025-07-18,2255,125834
Zone_3,2025-07-19,2182,125257
Zone_3,2025-07-20,2275,136016
Zone_3,2025-07-21,2315,140536
Zone_3,2025-07-22,2285,146360
Zone_3,2025-07-23,2253,158139
Zone_4,2025-06-24,1715,202495
Zone_4,2025-06-25,1573,222696
Zone_4,2025-06-26,1644,226187
Zone_4,2025-06-27,1702,214322
Zone_4,2025-06-28,1592,192577
Zone_4,2025-06-29,1625,228335
Zone_4,2025-06-30,1680,196635
Zone_4,2025-07-01,1677,221231
Zone_4,2025-07-02,1589,217739
Zone_4,2025-07-03,1667,198185
Zone_4,2025-07-04,1692,223877
Zone_4,2025-07-05,1753,231311
Zone_4,2025-07-06,1548,201279
Zone_4,2025-07-07,1705,223168
Zone_4,2025-07-08,1705,273518
Zone_4,2025-07-09,1710,232544
Zone_4,2025-07-10,1742,225243
Zone_4,2025-07-11,1636,226865
Zone_4,2025-07-12,1598,211849
Zone_4,2025-07-13,1622,216655
Zone_4,2025-07-14,1855,187263
Zone_4,2025-07-15,1720,191102
Zone_4,2025-07-16,1623,231841
Zone_4,2025-07-17,1668,199169
Zone_4,2025-07-18,1603,225668
Zone_4,2025-07-19,1602,218685
Zone_4,2025-07-20,1666,205595
Zone_4,2025-07-21,1841,224980
Zone_4,2025-07-22,1494,218232
Zone_4,2025-07-23,1607,228275
Zone_5,2025-06-24,3447,171017
Zone_5,2025-06-25,3680,182850
Zone_5,2025-06-26,3374,168365
Zone_5,2025-06-27,3504,164517
Zone_5,2025-06-28,3906,177289
Zone_5,2025-06-29,3363,183478
Zone_5,2025-06-30,3970,184861
Zone_5,2025-07-01,3317,166558
Zone_5,2025-07-02,3817,163861
Zone_5,2025-07-03,3669,181750
Zone_5,2025-07-04,3423,171683
Zone_5,2025-07-05,3008,160039
Zone_5,2025-07-06,3544,157343
Zone_5,2025-07-07,3883,155142
Zone_5,2025-07-08,3511,173979
Zone_5,2025-07-09,3848,155073
Zone_5,2025-07-10,3798,172525
Zone_5,2025-07-11,3413,177978
Zone_5,2025-07-12,3625,165158
Zone_5,2025-07-13,3602,167751
Zone_5,2025-07-14,3610,180392
Zone_5,2025-07-15,3874,157463
Zone_5,2025-07-16,3972,148843
Zone_5,2025-07-17,3562,179501
Zone_5,2025-07-18,3640,164887
Zone_5,2025-07-19,3552,166452
Zone_5,2025-07-20,3484,182655
Zone_5,2025-07-21,3654,164039
Zone_5,2025-07-22,3751,176110
Zone_5,2025-07-23,3735,180000
Zone_6,2025-06-24,1306,161423
Zone_6,2025-06-25,1413,175190
Zone_6,2025-06-26,1361,169391
Zone_6,2025-06-27,1450,161054
Zone_6,2025-06-28,1400,165634
Zone_6,2025-06-29,1348,180934
Zone_6,2025-06-30,1419,177579
Zone_6,2025-07-01,1451,168259
Zone_6,2025-07-02,1409,164363
Zone_6,2025-07-03,1385,166481
Zone_6,2025-07-04,1369,175011
Zone_6,2025-07-05,1307,192620
Zone_6,2025-07-06,1294,153732
Zone_6,2025-07-07,1441,177322
Zone_6,2025-07-08,1405,175401
Zone_6,2025-07-09,1362,157459
Zone_6,2025-07-10,1368,160048
Zone_6,2025-07-11,1429,166282
Zone_6,2025-07-12,1306,164232
Zone_6,2025-07-13,1391,161382
Zone_6,2025-07-14,1306,170877
Zone_6,2025-07-15,1379,162049
Zone_6,2025-07-16,1330,170741
Zone_6,2025-07-17,1264,151459
Zone_6,2025-07-18,1314,165501
Zone_6,2025-07-19,1384,185363
Zone_6,2025-07-20,1421,166130
Zone_6,2025-07-21,1361,156221
Zone_6,2025-07-22,1361,164617
Zone_6,2025-07-23,1384,158283
Zone_7,2025-06-24,6069,541090
Zone_7,2025-06-25,5883,502402
Zone_7,2025-06-26,6120,474936
Zone_7,2025-06-27,5982,489091
Zone_7,2025-06-28,5944,462219
Zone_7,2025-06-29,5923,505695
Zone_7,2025-06-30,6345,521474
Zone_7,2025-07-01,6552,462412
Zone_7,2025-07-02,6174,494932
Zone_7,2025-07-03,6563,461012
Zone_7,2025-07-04,5667,468158
Zone_7,2025-07-05,5287,470676
Zone_7,2025-07-06,5691,493805
Zone_7,2025-07-07,6017,552837
Zone_7,2025-07-08,6197,468927
Zone_7,2025-07-09,5650,505487
Zone_7,2025-07-10,5525,551308
Zone_7,2025-07-11,6264,472612
Zone_7,2025-07-12,5409,534971
Zone_7,2025-07-13,5882,531002
Zone_7,2025-07-14,5444,468158
Zone_7,2025-07-15,5917,490268
Zone_7,2025-07-16,5782,509966
Zone_7,2025-07-17,5600,483790
Zone_7,2025-07-18,5951,506258
Zone_7,2025-07-19,6126,450191
Zone_7,2025-07-20,5462,532365
Zone_7,2025-07-21,6014,463058
Zone_7,2025-07-22,6374,492617
Zone_7,2025-07-23,6264,490970
Zone_8,2025-06-24,5505,504090
Zone_8,2025-06-25,4928,479460
Zone_8,2025-06-26,5152,491938
Zone_8,2025-06-27,4750,470488
Zone_8,2025-06-28,5255,393660
Zone_8,2025-06-29,4695,384846
Zone_8,2025-06-30,4923,471477
Zone_8,2025-07-01,5365,451257
Zone_8,2025-07-02,5397,405559
Zone_8,2025-07-03,4565,447183
Zone_8,2025-07-04,5086,447901
Zone_8,2025-07-05,4475,446128
Zone_8,2025-07-06,4665,469973
Zone_8,2025-07-07,5082,419393
Zone_8,2025-07-08,4862,415643
Zone_8,2025-07-09,4975,478944
Zone_8,2025-07-10,4745,464768
Zone_8,2025-07-11,4858,424012
Zone_8,2025-07-12,4964,416396
Zone_8,2025-07-13,4852,411285
Zone_8,2025-07-14,5481,450037
Zone_8,2025-07-15,4816,455653
Zone_8,2025-07-16,4962,441985
Zone_8,2025-07-17,5144,472733
Zone_8,2025-07-18,4858,430833
Zone_8,2025-07-19,4922,376591
Zone_8,2025-07-20,4612,491883
Zone_8,2025-07-21,5401,441103
Zone_8,2025-07-22,5134,458710
Zone_8,2025-07-23,5759,484111
Zone_9,2025-06-24,2540,479205
Zone_9,2025-06-25,2351,520870
Zone_9,2025-06-26,2460,462427
Zone_9,2025-06-27,2474,474675
Zone_9,2025-06-28,2772,545249
Zone_9,2025-06-29,2555,566758
Zone_9,2025-06-30,2566,482593
Zone_9,2025-07-01,2751,532929
Zone_9,2025-07-02,2424,506713
Zone_9,2025-07-03,2445,463845
Zone_9,2025-07-04,2675,582197
Zone_9,2025-07-05,2378,533794
Zone_9,2025-07-06,2473,496044
Zone_9,2025-07-07,2481,482496
Zone_9,2025-07-08,2563,483684
Zone_9,2025-07-09,2591,511749
Zone_9,2025-07-10,2526,480930
Zone_9,2025-07-11,2483,540711
Zone_9,2025-07-12,2621,478413
Zone_9,2025-07-13,2569,540567
Zone_9,2025-07-14,2343,533089
Zone_9,2025-07-15,2472,534068
Zone_9,2025-07-16,2459,448672
Zone_9,2025-07-17,2348,515284
Zone_9,2025-07-18,2590,481046
Zone_9,2025-07-19,2638,453826
Zone_9,2025-07-20,2548,470021
Zone_9,2025-07-21,2473,515259
Zone_9,2025-07-22,2446,499731
Zone_9,2025-07-23,2685,492817
Zone_10,2025-06-24,2581,165280
Zone_10,2025-06-25,2543,197583
Zone_10,2025-06-26,2171,169461
Zone_10,2025-06-27,2549,176922
Zone_10,2025-06-28,2523,171885
Zone_10,2025-06-29,2488,177517
Zone_10,2025-06-30,2622,182669
Zone_10,2025-07-01,2519,174298
Zone_10,2025-07-02,2417,174038
Zone_10,2025-07-03,2526,174184
Zone_10,2025-07-04,2513,205546
Zone_10,2025-07-05,2585,175377
Zone_10,2025-07-06,2626,174346
Zone_10,2025-07-07,2225,166808
Zone_10,2025-07-08,2246,175056
Zone_10,2025-07-09,2480,200534
Zone_10,2025-07-10,2518,176720
Zone_10,2025-07-11,2580,151694
Zone_10,2025-07-12,2507,189157
Zone_10,2025-07-13,2294,193842
Zone_10,2025-07-14,2519,174255
Zone_10,2025-07-15,2556,207999
Zone_10,2025-07-16,2500,182591
Zone_10,2025-07-17,2421,168796
Zone_10,2025-07-18,2580,168717
Zone_10,2025-07-19,2486,173472
Zone_10,2025-07-20,2537,183664
Zone_10,2025-07-21,2606,173065
Zone_10,2025-07-22,2444,167176
Zone_10,2025-07-23,2422,184213
Zone_11,2025-06-24,4194,493923
Zone_11,2025-06-25,4217,578112
Zone_11,2025-06-26,4125,597374
Zone_11,2025-06-27,3885,482003
Zone_11,2025-06-28,3682,583301
Zone_11,2025-06-29,4174,525952
Zone_11,2025-06-30,4098,486408
Zone_11,2025-07-01,4536,532783
Zone_11,2025-07-02,4064,554831
Zone_11,2025-07-03,4139,536281
Zone_11,2025-07-04,3882,545432
Zone_11,2025-07-05,4422,577734
Zone_11,2025-07-06,4363,509112
Zone_11,2025-07-07,3842,523357
Zone_11,2025-07-08,4053,568448
Zone_11,2025-07-09,3699,584539
Zone_11,2025-07-10,4010,512229
Zone_11,2025-07-11,3837,466842
Zone_11,2025-07-12,4208,530716
Zone_11,2025-07-13,3781,480140
Zone_11,2025-07-14,3974,589694
Zone_11,2025-07-15,3989,472450
Zone_11,2025-07-16,3992,517927
Zone_11,2025-07-17,3496,526000
Zone_11,2025-07-18,3995,553739
Zone_11,2025-07-19,4415,569645
Zone_11,2025-07-20,3987,487109
Zone_11,2025-07-21,4562,530195
Zone_11,2025-07-22,4044,527115
Zone_11,2025-07-23,4082,522671
Zone_12,2025-06-24,5280,449131
Zone_12,2025-06-25,5427,449244
Zone_12,2025-06-26,5242,470488
Zone_12,2025-06-27,5366,516175
Zone_12,2025-06-28,4715,502691
Zone_12,2025-06-29,5774,399228
Zone_12,2025-06-30,5342,454866
Zone_12,2025-07-01,5053,441581
Zone_12,2025-07-02,5134,524291
Zone_12,2025-07-03,5690,508576
Zone_12,2025-07-04,5632,430099
Zone_12,2025-07-05,5293,483006
Zone_12,2025-07-06,5103,490317
Zone_12,2025-07-07,5370,454755
Zone_12,2025-07-08,5629,481532
Zone_12,2025-07-09,5337,504908
Zone_12,2025-07-10,5142,487144
Zone_12,2025-07-11,5597,456889
Zone_12,2025-07-12,5524,426109
Zone_12,2025-07-13,5687,460964
Zone_12,2025-07-14,5293,501301
Zone_12,2025-07-15,5244,420965
Zone_12,2025-07-16,5012,486819
Zone_12,2025-07-17,5087,524374
Zone_12,2025-07-18,4870,522467
Zone_12,2025-07-19,5493,463847
Zone_12,2025-07-20,5287,480057
Zone_12,2025-07-21,5425,503076
Zone_12,2025-07-22,5467,471922
Zone_12,2025-07-23,5337,465147
Zone_13,2025-06-24,1887,324574
Zone_13,2025-06-25,1733,387897
Zone_13,2025-06-26,1874,363965
Zone_13,2025-06-27,1860,377685
Zone_13,2025-06-28,1808,348625
Zone_13,2025-06-29,1877,343462
Zone_13,2025-06-30,1896,324770
Zone_13,2025-07-01,1954,380911
Zone_13,2025-07-02,1882,394077
Zone_13,2025-07-03,2013,394894
Zone_13,2025-07-04,1687,335688
Zone_13,2025-07-05,1800,369387
Zone_13,2025-07-06,1907,349982
Zone_13,2025-07-07,1876,349217
Zone_13,2025-07-08,1802,332408
Zone_13,2025-07-09,1773,333827
Zone_13,2025-07-10,1768,395908
Zone_13,2025-07-11,1770,436655
Zone_13,2025-07-12,1904,373484
Zone_13,2025-07-13,1779,386788
Zone_13,2025-07-14,1805,371863
Zone_13,2025-07-15,2096,366234
Zone_13,2025-07-16,1965,350565
Zone_13,2025-07-17,1855,414418
Zone_13,2025-07-18,1800,415493
Zone_13,2025-07-19,1924,354196
Zone_13,2025-07-20,1917,393815
Zone_13,2025-07-21,1916,328186
Zone_13,2025-07-22,1791,362325
Zone_13,2025-07-23,1852,384733
Zone_14,2025-06-24,2544,250342
Zone_14,2025-06-25,2569,287959
Zone_14,2025-06-26,2592,297048
Zone_14,2025-06-27,2627,285032
Zone_14,2025-06-28,2513,244048
Zone_14,2025-06-29,2576,280170
Zone_14,2025-06-30,2556,251475
Zone_14,2025-07-01,2385,296514
Zone_14,2025-07-02,2517,289330
Zone_14,2025-07-03,2525,276731
Zone_14,2025-07-04,2640,266180
Zone_14,2025-07-05,2534,267219
Zone_14,2025-07-06,2467,270179
Zone_14,2025-07-07,2550,266901
Zone_14,2025-07-08,2680,258862
Zone_14,2025-07-09,2498,267655
Zone_14,2025-07-10,2704,279955
Zone_14,2025-07-11,2652,247438
Zone_14,2025-07-12,2555,293353
Zone_14,2025-07-13,2532,296752
Zone_14,2025-07-14,2456,303399
Zone_14,2025-07-15,2811,269141
Zone_14,2025-07-16,2465,304251
Zone_14,2025-07-17,2721,266048
Zone_14,2025-07-18,2469,270708
Zone_14,2025-07-19,2352,258397
Zone_14,2025-07-20,2395,261313
Zone_14,2025-07-21,2517,280683
Zone_14,2025-07-22,2717,256856
Zone_14,2025-07-23,2646,272019
Zone_15,2025-06-24,4103,229307
Zone_15,2025-06-25,3883,224825
Zone_15,2025-06-26,4148,226512
Zone_15,2025-06-27,4173,256597
Zone_15,2025-06-28,3982,210825
Zone_15,2025-06-29,3985,210449
Zone_15,2025-06-30,3982,237188
Zone_15,2025-07-01,4406,210215
Zone_15,2025-07-02,3942,226189
Zone_15,2025-07-03,4000,228665
Zone_15,2025-07-04,4155,195731
Zone_15,2025-07-05,4432,246490
Zone_15,2025-07-06,3987,213021
Zone_15,2025-07-07,4172,224090
Zone_15,2025-07-08,4249,249775
Zone_15,2025-07-09,4077,206728
Zone_15,2025-07-10,3830,207760
Zone_15,2025-07-11,4107,246470
Zone_15,2025-07-12,4007,222394
Zone_15,2025-07-13,4110,237179
Zone_15,2025-07-14,4633,210827
Zone_15,2025-07-15,4013,234968
Zone_15,2025-07-16,4254,247269
Zone_15,2025-07-17,4234,213456
Zone_15,2025-07-18,4235,235957
Zone_15,2025-07-19,4282,226739
Zone_15,2025-07-20,4333,236886
Zone_15,2025-07-21,4398,228907
Zone_15,2025-07-22,4079,221212
Zone_15,2025-07-23,4362,206442
Zone_16,2025-06-24,4029,559462
Zone_16,2025-06-25,3962,626787
Zone_16,2025-06-26,3994,577173
Zone_16,2025-06-27,3687,605355
Zone_16,2025-06-28,4084,662419
Zone_16,2025-06-29,3896,584128
Zone_16,2025-06-30,4006,638828
Zone_16,2025-07-01,3938,586539
Zone_16,2025-07-02,4077,582817
Zone_16,2025-07-03,3868,583119
Zone_16,2025-07-04,4169,533963
Zone_16,2025-07-05,3983,547108
Zone_16,2025-07-06,4193,513962
Zone_16,2025-07-07,3846,590493
Zone_16,2025-07-08,4266,572655
Zone_16,2025-07-09,3847,651059
Zone_16,2025-07-10,3670,486754
Zone_16,2025-07-11,4044,555084
Zone_16,2025-07-12,3754,603829
Zone_16,2025-07-13,4005,552586
Zone_16,2025-07-14,3703,610437
Zone_16,2025-07-15,4085,571309
Zone_16,2025-07-16,4322,532209
Zone_16,2025-07-17,3655,547439
Zone_16,2025-07-18,3947,585102
Zone_16,2025-07-19,3909,589480
Zone_16,2025-07-20,3709,633445
Zone_16,2025-07-21,3940,620297
Zone_16,2025-07-22,4024,593697
Zone_16,2025-07-23,4069,593332
Zone_17,2025-06-24,3535,122216
Zone_17,2025-06-25,3458,117362
Zone_17,2025-06-26,3409,123084
Zone_17,2025-06-27,3309,125908
Zone_17,2025-06-28,3418,100614
Zone_17,2025-06-29,3446,106482
Zone_17,2025-06-30,3568,106704
Zone_17,2025-07-01,3348,97023
Zone_17,2025-07-02,3347,92841
Zone_17,2025-07-03,3153,117764
Zone_17,2025-07-04,3559,115143
Zone_17,2025-07-05,3259,111439
Zone_17,2025-07-06,3424,102746
Zone_17,2025-07-07,3682,118680
Zone_17,2025-07-08,3387,112023
Zone_17,2025-07-09,3460,95832
Zone_17,2025-07-10,3382,106475
Zone_17,2025-07-11,3253,109612
Zone_17,2025-07-12,3732,116828
Zone_17,2025-07-13,3327,116294
Zone_17,2025-07-14,3664,119050
Zone_17,2025-07-15,3435,106749
Zone_17,2025-07-16,3544,114892
Zone_17,2025-07-17,3578,116784
Zone_17,2025-07-18,3604,107623
Zone_17,2025-07-19,3650,113359
Zone_17,2025-07-20,3780,106418
Zone_17,2025-07-21,3722,113362
Zone_17,2025-07-22,3313,108025
Zone_17,2025-07-23,3370,115132
Zone_18,2025-06-24,3621,74591
Zone_18,2025-06-25,3524,89365
Zone_18,2025-06-26,3833,80085
Zone_18,2025-06-27,3535,78364
Zone_18,2025-06-28,3637,72148
Zone_18,2025-06-29,3483,68635
Zone_18,2025-06-30,3599,81232
Zone_18,2025-07-01,3443,86274
Zone_18,2025-07-02,3312,69746
Zone_18,2025-07-03,3568,83408
Zone_18,2025-07-04,3826,75215
Zone_18,2025-07-05,3719,77502
Zone_18,2025-07-06,3498,82518
Zone_18,2025-07-07,3644,69136
Zone_18,2025-07-08,3789,85219
Zone_18,2025-07-09,3418,79865
Zone_18,2025-07-10,3616,79130
Zone_18,2025-07-11,3431,74058
Zone_18,2025-07-12,3524,84091
Zone_18,2025-07-13,3624,75695
Zone_18,2025-07-14,3665,62216
Zone_18,2025-07-15,3731,68248
Zone_18,2025-07-16,3465,71621
Zone_18,2025-07-17,3300,84026
Zone_18,2025-07-18,3446,79596
Zone_18,2025-07-19,3520,80307
Zone_18,2025-07-20,3542,70732
Zone_18,2025-07-21,3704,75026
Zone_18,2025-07-22,3254,75383
Zone_18,2025-07-23,3793,82337
Zone_19,2025-06-24,2355,158835
Zone_19,2025-06-25,2358,186484
Zone_19,2025-06-26,2442,167717
Zone_19,2025-06-27,2520,165537
Zone_19,2025-06-28,2365,160578
Zone_19,2025-06-29,2388,162391
Zone_19,2025-06-30,2484,163408
Zone_19,2025-07-01,2484,161896
Zone_19,2025-07-02,2406,140042
Zone_19,2025-07-03,2506,166764
Zone_19,2025-07-04,2516,129807
Zone_19,2025-07-05,2647,161225
Zone_19,2025-07-06,2529,150964
Zone_19,2025-07-07,2470,150810
Zone_19,2025-07-08,2322,184630
Zone_19,2025-07-09,2374,165294
Zone_19,2025-07-10,2501,168465
Zone_19,2025-07-11,2415,166975
Zone_19,2025-07-12,2685,162159
Zone_19,2025-07-13,2421,174790
Zone_19,2025-07-14,2529,176344
Zone_19,2025-07-15,2473,149789
Zone_19,2025-07-16,2592,149750
Zone_19,2025-07-17,2433,154219
Zone_19,2025-07-18,2389,166562
Zone_19,2025-07-19,2435,167624
Zone_19,2025-07-20,2590,167984
Zone_19,2025-07-21,2367,173803
Zone_19,2025-07-22,2539,148824
Zone_19,2025-07-23,2468,170807
Zone_20,2025-06-24,3802,195994
Zone_20,2025-06-25,3831,180349
Zone_20,2025-06-26,3826,178972
Zone_20,2025-06-27,3648,160756
Zone_20,2025-06-28,4167,168178
Zone_20,2025-06-29,3668,151829
Zone_20,2025-06-30,3736,162220
Zone_20,2025-07-01,4176,191415
Zone_20,2025-07-02,3727,206966
Zone_20,2025-07-03,4049,174712
Zone_20,2025-07-04,3377,207447
Zone_20,2025-07-05,3591,158186
Zone_20,2025-07-06,4057,209310
Zone_20,2025-07-07,4127,185835
Zone_20,2025-07-08,3974,189458
Zone_20,2025-07-09,4006,182296
Zone_20,2025-07-10,3880,177994
Zone_20,2025-07-11,3714,175265
Zone_20,2025-07-12,3533,177547
Zone_20,2025-07-13,3669,164967
Zone_20,2025-07-14,3894,196198
Zone_20,2025-07-15,4037,159124
Zone_20,2025-07-16,3669,190551
Zone_20,2025-07-17,3670,175966
Zone_20,2025-07-18,3966,166659
Zone_20,2025-07-19,3880,162083
Zone_20,2025-07-20,3743,182779
Zone_20,2025-07-21,3552,184290
Zone_20,2025-07-22,3856,185692
Zone_20,2025-07-23,3903,195849
Zone_21,2025-06-24,3514,325878
Zone_21,2025-06-25,3514,348754
Zone_21,2025-06-26,3501,336931
Zone_21,2025-06-27,3370,320386
Zone_21,2025-06-28,3248,377124
Zone_21,2025-06-29,3275,319680
Zone_21,2025-06-30,3367,357024
Zone_21,2025-07-01,3441,365321
Zone_21,2025-07-02,3375,342538
Zone_21,2025-07-03,3347,386427
Zone_21,2025-07-04,3285,343263
Zone_21,2025-07-05,3603,345708
Zone_21,2025-07-06,3460,332923
Zone_21,2025-07-07,3500,332519
Zone_21,2025-07-08,3661,387964
Zone_21,2025-07-09,3395,303761
Zone_21,2025-07-10,3477,396647
Zone_21,2025-07-11,3352,374526
Zone_21,2025-07-12,3786,322957
Zone_21,2025-07-13,3592,374274
Zone_21,2025-07-14,3426,331189
Zone_21,2025-07-15,3391,312111
Zone_21,2025-07-16,3379,307191
Zone_21,2025-07-17,3498,317868
Zone_21,2025-07-18,3533,299384
Zone_21,2025-07-19,3550,355580
Zone_21,2025-07-20,3144,344774
Zone_21,2025-07-21,3707,307528
Zone_21,2025-07-22,3785,345831
Zone_21,2025-07-23,3369,334665
Zone_22,2025-06-24,5849,186215
Zone_22,2025-06-25,5844,173292
Zone_22,2025-06-26,5739,166899
Zone_22,2025-06-27,5659,173509
Zone_22,2025-06-28,5481,201257
Zone_22,2025-06-29,6001,193128
Zone_22,2025-06-30,5380,181127
Zone_22,2025-07-01,6036,187067
Zone_22,2025-07-02,6350,190329
Zone_22,2025-07-03,5745,181221
Zone_22,2025-07-04,5728,183253
Zone_22,2025-07-05,5892,197634
Zone_22,2025-07-06,5467,167969
Zone_22,2025-07-07,5168,191816
Zone_22,2025-07-08,5377,157315
Zone_22,2025-07-09,5801,217554
Zone_22,2025-07-10,5689,196101
Zone_22,2025-07-11,5714,183947
Zone_22,2025-07-12,5952,181466
Zone_22,2025-07-13,5767,189401
Zone_22,2025-07-14,5500,198092
Zone_22,2025-07-15,5641,175430
Zone_22,2025-07-16,5843,173580
Zone_22,2025-07-17,5699,185111
Zone_22,2025-07-18,5999,191384
Zone_22,2025-07-19,5683,195833
Zone_22,2025-07-20,6086,192462
Zone_22,2025-07-21,5693,168220
Zone_22,2025-07-22,5387,181272
Zone_22,2025-07-23,5517,182805
Zone_23,2025-06-24,5963,330946
Zone_23,2025-06-25,5926,329981
Zone_23,2025-06-26,5966,274986
Zone_23,2025-06-27,5667,315895
Zone_23,2025-06-28,5587,332515
Zone_23,2025-06-29,6402,346338
Zone_23,2025-06-30,5883,352413
Zone_23,2025-07-01,5991,311584
Zone_23,2025-07-02,5764,312357
Zone_23,2025-07-03,5831,322920
Zone_23,2025-07-04,5994,319182
Zone_23,2025-07-05,6076,345710
Zone_23,2025-07-06,6229,285944
Zone_23,2025-07-07,5187,339984
Zone_23,2025-07-08,5540,314093
Zone_23,2025-07-09,5599,278861
Zone_23,2025-07-10,6108,336071
Zone_23,2025-07-11,5775,261235
Zone_23,2025-07-12,5784,327866
Zone_23,2025-07-13,5507,323209
Zone_23,2025-07-14,5942,332054
Zone_23,2025-07-15,5982,297377
Zone_23,2025-07-16,6302,315572
Zone_23,2025-07-17,5938,298266
Zone_23,2025-07-18,5815,299349
Zone_23,2025-07-19,5895,357350
Zone_23,2025-07-20,5539,283070
Zone_23,2025-07-21,6384,314438
Zone_23,2025-07-22,5748,342343
Zone_23,2025-07-23,5766,359903
Zone_24,2025-06-24,4577,371481
Zone_24,2025-06-25,4904,368310
Zone_24,2025-06-26,4591,392675
Zone_24,2025-06-27,4715,426658
Zone_24,2025-06-28,4434,364333
Zone_24,2025-06-29,4528,366371
Zone_24,2025-06-30,4872,388293
Zone_24,2025-07-01,4346,389590
Zone_24,2025-07-02,4128,358458
Zone_24,2025-07-03,4692,366932
Zone_24,2025-07-04,4195,399066
Zone_24,2025-07-05,4689,403974
Zone_24,2025-07-06,4647,364242
Zone_24,2025-07-07,4112,425038
Zone_24,2025-07-08,4355,377864
Zone_24,2025-07-09,4720,399593
Zone_24,2025-07-10,4527,442906
Zone_24,2025-07-11,4284,409598
Zone_24,2025-07-12,4439,391849
Zone_24,2025-07-13,4765,398290
Zone_24,2025-07-14,4546,413493
Zone_24,2025-07-15,4346,362023
Zone_24,2025-07-16,4195,331677
Zone_24,2025-07-17,4882,354916
Zone_24,2025-07-18,4378,377165
Zone_24,2025-07-19,4495,406580
Zone_24,2025-07-20,4617,368919
Zone_24,2025-07-21,4390,392225
Zone_24,2025-07-22,4371,427892
Zone_24,2025-07-23,4535,404403
Zone_25,2025-06-24,2234,218004
Zone_25,2025-06-25,2182,183168
Zone_25,2025-06-26,2206,192270
Zone_25,2025-06-27,2105,209724
Zone_25,2025-06-28,2296,201755
Zone_25,2025-06-29,2196,225460
Zone_25,2025-06-30,2189,238144
Zone_25,2025-07-01,2224,176625
Zone_25,2025-07-02,2244,206831
Zone_25,2025-07-03,2302,210949
Zone_25,2025-07-04,2148,184191
Zone_25,2025-07-05,2140,189462
Zone_25,2025-07-06,2100,209756
Zone_25,2025-07-07,2343,207021
Zone_25,2025-07-08,2033,207725
Zone_25,2025-07-09,2292,192856
Zone_25,2025-07-10,2148,201663
Zone_25,2025-07-11,2078,210597
Zone_25,2025-07-12,2149,207372
Zone_25,2025-07-13,2067,195286
Zone_25,2025-07-14,2241,196198
Zone_25,2025-07-15,2349,195820
Zone_25,2025-07-16,2187,214607
Zone_25,2025-07-17,2009,176625
Zone_25,2025-07-18,1998,219260
Zone_25,2025-07-19,2103,237531
Zone_25,2025-07-20,2101,204058
Zone_25,2025-07-21,2329,229745
Zone_25,2025-07-22,2385,218496
Zone_25,2025-07-23,2273,209811
Zone_26,2025-06-24,2889,149567
Zone_26,2025-06-25,2667,155533
Zone_26,2025-06-26,2757,150634
Zone_26,2025-06-27,2877,165973
Zone_26,2025-06-28,2793,171660
Zone_26,2025-06-29,2622,153461
Zone_26,2025-06-30,2681,135243
Zone_26,2025-07-01,2769,154244
Zone_26,2025-07-02,2991,162439
Zone_26,2025-07-03,2638,175760
Zone_26,2025-07-04,2950,161908
Zone_26,2025-07-05,2749,145121
Zone_26,2025-07-06,2729,167426
Zone_26,2025-07-07,3043,172375
Zone_26,2025-07-08,2713,143377
Zone_26,2025-07-09,2800,136311
Zone_26,2025-07-10,2825,153962
Zone_26,2025-07-11,2716,138203
Zone_26,2025-07-12,2852,149768
Zone_26,2025-07-13,2618,124291
Zone_26,2025-07-14,2777,174869
Zone_26,2025-07-15,3011,150592
Zone_26,2025-07-16,2697,160674
Zone_26,2025-07-17,2642,158856
Zone_26,2025-07-18,2887,168931
Zone_26,2025-07-19,2767,153352
Zone_26,2025-07-20,2658,146565
Zone_26,2025-07-21,2749,159570
Zone_26,2025-07-22,2908,146823
Zone_26,2025-07-23,2988,152617
Zone_27,2025-06-24,2460,304064
Zone_27,2025-06-25,2164,340700
Zone_27,2025-06-26,2553,314527
Zone_27,2025-06-27,2471,332433
Zone_27,2025-06-28,2270,308963
Zone_27,2025-06-29,2560,292675
Zone_27,2025-06-30,2499,290378
Zone_27,2025-07-01,2520,320045
Zone_27,2025-07-02,2264,347005
Zone_27,2025-07-03,2372,302648
Zone_27,2025-07-04,2487,346643
Zone_27,2025-07-05,2337,322231
Zone_27,2025-07-06,2515,336412
Zone_27,2025-07-07,2484,312602
Zone_27,2025-07-08,2361,322780
Zone_27,2025-07-09,2330,255234
Zone_27,2025-07-10,2516,341147
Zone_27,2025-07-11,2172,298168
Zone_27,2025-07-12,2539,367055
Zone_27,2025-07-13,2465,304495
Zone_27,2025-07-14,2440,351724
Zone_27,2025-07-15,2383,302896
Zone_27,2025-07-16,2403,299434
Zone_27,2025-07-17,2478,357335
Zone_27,2025-07-18,2502,315178
Zone_27,2025-07-19,2427,285737
Zone_27,2025-07-20,2571,319097
Zone_27,2025-07-21,2440,392560
Zone_27,2025-07-22,2499,303961
Zone_27,2025-07-23,2410,346639
Zone_28,2025-06-24,2342,45329
Zone_28,2025-06-25,2436,48046
Zone_28,2025-06-26,2547,54214
Zone_28,2025-06-27,2276,54923
Zone_28,2025-06-28,2336,53412
Zone_28,2025-06-29,2385,47417
Zone_28,2025-06-30,2254,54037
Zone_28,2025-07-01,2290,48979
Zone_28,2025-07-02,2217,51898
Zone_28,2025-07-03,2569,46637
Zone_28,2025-07-04,2331,55386
Zone_28,2025-07-05,2319,52000
Zone_28,2025-07-06,2205,51915
Zone_28,2025-07-07,2307,53881
Zone_28,2025-07-08,2467,59540
Zone_28,2025-07-09,2396,51553
Zone_28,2025-07-10,2351,49157
Zone_28,2025-07-11,2368,49361
Zone_28,2025-07-12,2348,55052
Zone_28,2025-07-13,2211,54425
Zone_28,2025-07-14,2482,49987
Zone_28,2025-07-15,2081,48259
Zone_28,2025-07-16,2480,50323
Zone_28,2025-07-17,2212,48623
Zone_28,2025-07-18,2426,52333
Zone_28,2025-07-19,2301,49109
Zone_28,2025-07-20,2283,47149
Zone_28,2025-07-21,2517,49266
Zone_28,2025-07-22,2470,55771
Zone_28,2025-07-23,2445,48881
Zone_29,2025-06-24,2895,324356
Zone_29,2025-06-25,2709,332284
Zone_29,2025-06-26,2670,351918
Zone_29,2025-06-27,2772,329482
Zone_29,2025-06-28,2878,319018
Zone_29,2025-06-29,2921,314106
Zone_29,2025-06-30,2961,294294
Zone_29,2025-07-01,2855,369005
Zone_29,2025-07-02,2696,309492
Zone_29,2025-07-03,2910,328991
Zone_29,2025-07-04,2887,336032
Zone_29,2025-07-05,2928,350145
Zone_29,2025-07-06,2896,319419
Zone_29,2025-07-07,2933,368116
Zone_29,2025-07-08,2819,302742
Zone_29,2025-07-09,2995,322169
Zone_29,2025-07-10,2529,344180
Zone_29,2025-07-11,2762,322847
Zone_29,2025-07-12,2885,329239
Zone_29,2025-07-13,2938,315002
Zone_29,2025-07-14,2910,319004
Zone_29,2025-07-15,2942,338902
Zone_29,2025-07-16,2705,349606
Zone_29,2025-07-17,2761,343285
Zone_29,2025-07-18,2890,366713
Zone_29,2025-07-19,2806,316962
Zone_29,2025-07-20,2835,318011
Zone_29,2025-07-21,2951,288146
Zone_29,2025-07-22,2688,300621
Zone_29,2025-07-23,2972,363812
Zone_30,2025-06-24,4080,281992
Zone_30,2025-06-25,4116,308574
Zone_30,2025-06-26,3911,290126
Zone_30,2025-06-27,4302,295374
Zone_30,2025-06-28,4140,305361
Zone_30,2025-06-29,3547,298905
Zone_30,2025-06-30,3967,248797
Zone_30,2025-07-01,4206,312804
Zone_30,2025-07-02,4073,304399
Zone_30,2025-07-03,4432,311631
Zone_30,2025-07-04,4438,300189
Zone_30,2025-07-05,4117,253364
Zone_30,2025-07-06,4051,268520
Zone_30,2025-07-07,4547,281851
Zone_30,2025-07-08,4127,296381
Zone_30,2025-07-09,4110,319224
Zone_30,2025-07-10,3974,289252
Zone_30,2025-07-11,3949,258996
Zone_30,2025-07-12,3976,284625
Zone_30,2025-07-13,4013,271533
Zone_30,2025-07-14,3813,283704
Zone_30,2025-07-15,3793,300547
Zone_30,2025-07-16,4118,256249
Zone_30,2025-07-17,4038,270340
Zone_30,2025-07-18,4167,312141
Zone_30,2025-07-19,3717,287662
Zone_30,2025-07-20,4069,298775
Zone_30,2025-07-21,4145,270343
Zone_30,2025-07-22,4036,269463
Zone_30,2025-07-23,4322,285790
Zone_31,2025-06-24,3325,391118
Zone_31,2025-06-25,2929,351166
Zone_31,2025-06-26,2763,349230
Zone_31,2025-06-27,3077,406773
Zone_31,2025-06-28,2796,417395
Zone_31,2025-06-29,2963,396822
Zone_31,2025-06-30,3281,417444
Zone_31,2025-07-01,2996,368282
Zone_31,2025-07-02,2710,373012
Zone_31,2025-07-03,3004,365643
Zone_31,2025-07-04,3017,394899
Zone_31,2025-07-05,3002,374914
Zone_31,2025-07-06,3062,404937
Zone_31,2025-07-07,2871,431579
Zone_31,2025-07-08,3022,393304
Zone_31,2025-07-09,3144,399198
Zone_31,2025-07-10,3181,400680
Zone_31,2025-07-11,2944,402725
Zone_31,2025-07-12,2863,395770
Zone_31,2025-07-13,3031,387063
Zone_31,2025-07-14,3017,341044
Zone_31,2025-07-15,2953,395338
Zone_31,2025-07-16,3061,364530
Zone_31,2025-07-17,3229,368970
Zone_31,2025-07-18,3184,404531
Zone_31,2025-07-19,2938,441598
Zone_31,2025-07-20,2855,418058
Zone_31,2025-07-21,3188,374347
Zone_31,2025-07-22,3248,385910
Zone_31,2025-07-23,3080,399943
Zone_32,2025-06-24,2091,106322
Zone_32,2025-06-25,2189,88297
Zone_32,2025-06-26,2243,88903
Zone_32,2025-06-27,2214,108547
Zone_32,2025-06-28,1991,97718
Zone_32,2025-06-29,1989,99098
Zone_32,2025-06-30,2073,106103
Zone_32,2025-07-01,2243,110441
Zone_32,2025-07-02,2046,99138
Zone_32,2025-07-03,1928,94936
Zone_32,2025-07-04,2207,111990
Zone_32,2025-07-05,1976,96439
Zone_32,2025-07-06,2103,102585
Zone_32,2025-07-07,2020,103598
Zone_32,2025-07-08,2056,100510
Zone_32,2025-07-09,2163,100657
Zone_32,2025-07-10,2060,99840
Zone_32,2025-07-11,2096,98006
Zone_32,2025-07-12,2078,111871
Zone_32,2025-07-13,2165,98530
Zone_32,2025-07-14,2179,98260
Zone_32,2025-07-15,2229,103215
Zone_32,2025-07-16,2094,103765
Zone_32,2025-07-17,1940,92676
Zone_32,2025-07-18,1980,101618
Zone_32,2025-07-19,2288,116326
Zone_32,2025-07-20,2173,104139
Zone_32,2025-07-21,1916,96790
Zone_32,2025-07-22,2023,96239
Zone_32,2025-07-23,2088,97287
Zone_33,2025-06-24,4351,263345
Zone_33,2025-06-25,4569,254434
Zone_33,2025-06-26,5329,234139
Zone_33,2025-06-27,4218,245234
Zone_33,2025-06-28,5094,284548
Zone_33,2025-06-29,4532,258944
Zone_33,2025-06-30,4716,248388
Zone_33,2025-07-01,5467,223916
Zone_33,2025-07-02,4890,258436
Zone_33,2025-07-03,5091,251960
Zone_33,2025-07-04,4903,243383
Zone_33,2025-07-05,4893,244232
Zone_33,2025-07-06,4979,243769
Zone_33,2025-07-07,4920,249731
Zone_33,2025-07-08,5100,249343
Zone_33,2025-07-09,4400,272349
Zone_33,2025-07-10,4610,238791
Zone_33,2025-07-11,4685,274320
Zone_33,2025-07-12,4313,305208
Zone_33,2025-07-13,5083,254154
Zone_33,2025-07-14,4815,255246
Zone_33,2025-07-15,4954,261546
Zone_33,2025-07-16,4963,251813
Zone_33,2025-07-17,4781,247594
Zone_33,2025-07-18,4781,270104
Zone_33,2025-07-19,4972,198736
Zone_33,2025-07-20,4987,253655
Zone_33,2025-07-21,4824,243438
Zone_33,2025-07-22,5100,266841
Zone_33,2025-07-23,4642,257374
Zone_34,2025-06-24,3306,49515
Zone_34,2025-06-25,3366,58117
Zone_34,2025-06-26,3640,56777
Zone_34,2025-06-27,3600,56789
Zone_34,2025-06-28,3363,56466
Zone_34,2025-06-29,3614,57702
Zone_34,2025-06-30,3681,57526
Zone_34,2025-07-01,3536,58914
Zone_34,2025-07-02,3470,51425
Zone_34,2025-07-03,3446,51951
Zone_34,2025-07-04,3357,54254
Zone_34,2025-07-05,3337,53627
Zone_34,2025-07-06,3145,55627
Zone_34,2025-07-07,3475,51674
Zone_34,2025-07-08,3589,58406
Zone_34,2025-07-09,3195,51882
Zone_34,2025-07-10,3341,51202
Zone_34,2025-07-11,3619,54065
Zone_34,2025-07-12,3429,47120
Zone_34,2025-07-13,3585,50054
Zone_34,2025-07-14,3485,55873
Zone_34,2025-07-15,3711,49787
Zone_34,2025-07-16,2950,55514
Zone_34,2025-07-17,3787,59562
Zone_34,2025-07-18,3511,52922
Zone_34,2025-07-19,3615,51073
Zone_34,2025-07-20,3557,56748
Zone_34,2025-07-21,3659,65396
Zone_34,2025-07-22,3543,52856
Zone_34,2025-07-23,3470,48021
Zone_35,2025-06-24,5664,207162
Zone_35,2025-06-25,5714,215547
Zone_35,2025-06-26,5626,230008
Zone_35,2025-06-27,5868,213134
Zone_35,2025-06-28,5771,215589
Zone_35,2025-06-29,6110,200327
Zone_35,2025-06-30,5674,208738
Zone_35,2025-07-01,5473,201042
Zone_35,2025-07-02,5728,226326
Zone_35,2025-07-03,5945,216163
Zone_35,2025-07-04,6117,211222
Zone_35,2025-07-05,5982,211731
Zone_35,2025-07-06,5945,204572
Zone_35,2025-07-07,5152,211268
Zone_35,2025-07-08,6285,227100
Zone_35,2025-07-09,6151,231727
Zone_35,2025-07-10,5894,216218
Zone_35,2025-07-11,5686,208554
Zone_35,2025-07-12,6048,231245
Zone_35,2025-07-13,5827,206552
Zone_35,2025-07-14,5868,222248
Zone_35,2025-07-15,5444,178993
Zone_35,2025-07-16,5706,195048
Zone_35,2025-07-17,5718,211066
Zone_35,2025-07-18,5735,234957
Zone_35,2025-07-19,5963,217758
Zone_35,2025-07-20,6050,196271
Zone_35,2025-07-21,6172,212141
Zone_35,2025-07-22,6064,197271
Zone_35,2025-07-23,5412,225483
Zone_36,2025-06-24,2121,182244
Zone_36,2025-06-25,1991,209853
Zone_36,2025-06-26,1958,216896
Zone_36,2025-06-27,1988,203220
Zone_36,2025-06-28,2047,202741
Zone_36,2025-06-29,2025,192311
Zone_36,2025-06-30,2086,180881
Zone_36,2025-07-01,2159,187539
Zone_36,2025-07-02,2058,180987
Zone_36,2025-07-03,1815,191926
Zone_36,2025-07-04,2333,205211
Zone_36,2025-07-05,2079,190948
Zone_36,2025-07-06,2084,201978
Zone_36,2025-07-07,1959,209701
Zone_36,2025-07-08,2156,204307
Zone_36,2025-07-09,2127,194795
Zone_36,2025-07-10,2152,202586
Zone_36,2025-07-11,2045,186717
Zone_36,2025-07-12,2092,215620
Zone_36,2025-07-13,1953,174544
Zone_36,2025-07-14,2099,195220
Zone_36,2025-07-15,2100,197849
Zone_36,2025-07-16,2058,214815
Zone_36,2025-07-17,1915,183246
Zone_36,2025-07-18,2071,172152
Zone_36,2025-07-19,2063,217152
Zone_36,2025-07-20,2084,197669
Zone_36,2025-07-21,1950,186135
Zone_36,2025-07-22,2042,190201
Zone_36,2025-07-23,2215,202122
Zone_37,2025-06-24,1425,566574
Zone_37,2025-06-25,1546,601415
Zone_37,2025-06-26,1628,517388
Zone_37,2025-06-27,1447,507934
Zone_37,2025-06-28,1491,575146
Zone_37,2025-06-29,1583,554002
Zone_37,2025-06-30,1484,562880
Zone_37,2025-07-01,1445,638429
Zone_37,2025-07-02,1387,564166
Zone_37,2025-07-03,1661,557229
Zone_37,2025-07-04,1494,543028
Zone_37,2025-07-05,1495,610487
Zone_37,2025-07-06,1342,616748
Zone_37,2025-07-07,1401,546567
Zone_37,2025-07-08,1476,579910
Zone_37,2025-07-09,1388,574982
Zone_37,2025-07-10,1661,503817
Zone_37,2025-07-11,1523,531154
Zone_37,2025-07-12,1541,557710
Zone_37,2025-07-13,1460,575984
Zone_37,2025-07-14,1645,549521
Zone_37,2025-07-15,1563,506542
Zone_37,2025-07-16,1436,575381
Zone_37,2025-07-17,1620,570828
Zone_37,2025-07-18,1485,556936
Zone_37,2025-07-19,1414,580532
Zone_37,2025-07-20,1575,539338
Zone_37,2025-07-21,1473,567329
Zone_37,2025-07-22,1476,554385
Zone_37,2025-07-23,1667,547333
Zone_38,2025-06-24,5444,476966
Zone_38,2025-06-25,5750,493275
Zone_38,2025-06-26,5363,545822
Zone_38,2025-06-27,5937,478614
Zone_38,2025-06-28,5026,534848
Zone_38,2025-06-29,5354,527263
Zone_38,2025-06-30,4997,530829
Zone_38,2025-07-01,5208,525169
Zone_38,2025-07-02,5547,466250
Zone_38,2025-07-03,5431,523615
Zone_38,2025-07-04,5573,520051
Zone_38,2025-07-05,6091,444906
Zone_38,2025-07-06,5992,503262
Zone_38,2025-07-07,5294,453088
Zone_38,2025-07-08,5491,531845
Zone_38,2025-07-09,5508,552462
Zone_38,2025-07-10,5141,499190
Zone_38,2025-07-11,5196,512330
Zone_38,2025-07-12,5789,484897
Zone_38,2025-07-13,4822,506570
Zone_38,2025-07-14,5665,513752
Zone_38,2025-07-15,5886,462155
Zone_38,2025-07-16,5732,541318
Zone_38,2025-07-17,5050,510792
Zone_38,2025-07-18,5404,496761
Zone_38,2025-07-19,5640,482573
Zone_38,2025-07-20,5356,500807
Zone_38,2025-07-21,5242,461638
Zone_38,2025-07-22,5732,459436
Zone_38,2025-07-23,5728,515791
Zone_39,2025-06-24,4763,84554
Zone_39,2025-06-25,5524,82668
Zone_39,2025-06-26,5091,91636
Zone_39,2025-06-27,5417,87202
Zone_39,2025-06-28,5057,97602
Zone_39,2025-06-29,5666,94847
Zone_39,2025-06-30,5235,83742
Zone_39,2025-07-01,4996,92011
Zone_39,2025-07-02,5322,97473
Zone_39,2025-07-03,5382,79425
Zone_39,2025-07-04,5487,82563
Zone_39,2025-07-05,5112,90319
Zone_39,2025-07-06,5733,108088
Zone_39,2025-07-07,5371,87626
Zone_39,2025-07-08,5352,94280
Zone_39,2025-07-09,5129,99919
Zone_39,2025-07-10,5272,91857
Zone_39,2025-07-11,5386,91384
Zone_39,2025-07-12,5431,84929
Zone_39,2025-07-13,5067,81929
Zone_39,2025-07-14,5327,93604
Zone_39,2025-07-15,5332,99169
Zone_39,2025-07-16,5211,92920
Zone_39,2025-07-17,4928,86359
Zone_39,2025-07-18,5394,94040
Zone_39,2025-07-19,5136,88320
Zone_39,2025-07-20,4817,86546
Zone_39,2025-07-21,5445,92339
Zone_39,2025-07-22,5343,89074
Zone_39,2025-07-23,5214,84662
Zone_40,2025-06-24,4706,376863
Zone_40,2025-06-25,4659,352596
Zone_40,2025-06-26,4058,394190
Zone_40,2025-06-27,4439,343967
Zone_40,2025-06-28,4705,356030
Zone_40,2025-06-29,4789,381886
Zone_40,2025-06-30,4703,331072
Zone_40,2025-07-01,4823,372770
Zone_40,2025-07-02,4464,369750
Zone_40,2025-07-03,4144,376547
Zone_40,2025-07-04,4313,331413
Zone_40,2025-07-05,4201,394588
Zone_40,2025-07-06,4404,405378
Zone_40,2025-07-07,4426,322324
Zone_40,2025-07-08,4294,397744
Zone_40,2025-07-09,4512,352025
Zone_40,2025-07-10,4584,378934
Zone_40,2025-07-11,4802,403194
Zone_40,2025-07-12,4466,332095
Zone_40,2025-07-13,4453,372745
Zone_40,2025-07-14,4328,341548
Zone_40,2025-07-15,4626,364829
Zone_40,2025-07-16,4555,346639
Zone_40,2025-07-17,4495,342392
Zone_40,2025-07-18,4750,392604
Zone_40,2025-07-19,4128,342256
Zone_40,2025-07-20,4207,349418
Zone_40,2025-07-21,4529,328928
Zone_40,2025-07-22,4338,340349
Zone_40,2025-07-23,4595,367852
Zone_41,2025-06-24,5377,603616
Zone_41,2025-06-25,5426,584899
Zone_41,2025-06-26,6045,652183
Zone_41,2025-06-27,5216,630867
Zone_41,2025-06-28,5805,548312
Zone_41,2025-06-29,5807,660425
Zone_41,2025-06-30,5265,557943
Zone_41,2025-07-01,5862,607568
Zone_41,2025-07-02,5732,610452
Zone_41,2025-07-03,5687,540874
Zone_41,2025-07-04,5871,645051
Zone_41,2025-07-05,5515,594422
Zone_41,2025-07-06,5151,617700
Zone_41,2025-07-07,5738,593641
Zone_41,2025-07-08,5892,582293
Zone_41,2025-07-09,5736,553679
Zone_41,2025-07-10,5572,588960
Zone_41,2025-07-11,5641,580814
Zone_41,2025-07-12,5542,630713
Zone_41,2025-07-13,5457,529183
Zone_41,2025-07-14,6067,653894
Zone_41,2025-07-15,5218,625023
Zone_41,2025-07-16,5438,607234
Zone_41,2025-07-17,5661,586453
Zone_41,2025-07-18,5360,567416
Zone_41,2025-07-19,5323,561519
Zone_41,2025-07-20,5560,566363
Zone_41,2025-07-21,5769,658309
Zone_41,2025-07-22,5417,606228
Zone_41,2025-07-23,5718,615936
Zone_42,2025-06-24,1468,264208
Zone_42,2025-06-25,1498,229393
Zone_42,2025-06-26,1526,266751
Zone_42,2025-06-27,1407,251818
Zone_42,2025-06-28,1512,247472
Zone_42,2025-06-29,1541,292710
Zone_42,2025-06-30,1405,226872
Zone_42,2025-07-01,1485,263837
Zone_42,2025-07-02,1446,276701
Zone_42,2025-07-03,1365,263333
Zone_42,2025-07-04,1418,281379
Zone_42,2025-07-05,1608,237673
Zone_42,2025-07-06,1422,266264
Zone_42,2025-07-07,1434,250353
Zone_42,2025-07-08,1464,217402
Zone_42,2025-07-09,1461,239026
Zone_42,2025-07-10,1426,276531
Zone_42,2025-07-11,1371,265448
Zone_42,2025-07-12,1442,246233
Zone_42,2025-07-13,1520,257130
Zone_42,2025-07-14,1504,268173
Zone_42,2025-07-15,1438,240388
Zone_42,2025-07-16,1383,236640
Zone_42,2025-07-17,1678,273034
Zone_42,2025-07-18,1364,227902
Zone_42,2025-07-19,1498,260773
Zone_42,2025-07-20,1503,246669
Zone_42,2025-07-21,1453,256916
Zone_42,2025-07-22,1469,212135
Zone_42,2025-07-23,1446,236183
Zone_43,2025-06-24,2822,423003
Zone_43,2025-06-25,2849,342208
Zone_43,2025-06-26,2926,361710
Zone_43,2025-06-27,2856,364751
Zone_43,2025-06-28,3085,322190
Zone_43,2025-06-29,2864,327198
Zone_43,2025-06-30,2875,327387
Zone_43,2025-07-01,2739,342660
Zone_43,2025-07-02,2934,372382
Zone_43,2025-07-03,2623,351233
Zone_43,2025-07-04,2698,319064
Zone_43,2025-07-05,2767,342332
Zone_43,2025-07-06,3137,360492
Zone_43,2025-07-07,2605,336055
Zone_43,2025-07-08,2940,401038
Zone_43,2025-07-09,2576,303844
Zone_43,2025-07-10,3059,359430
Zone_43,2025-07-11,2676,362982
Zone_43,2025-07-12,2429,349970
Zone_43,2025-07-13,2843,372525
Zone_43,2025-07-14,2656,351986
Zone_43,2025-07-15,2668,356142
Zone_43,2025-07-16,2672,339892
Zone_43,2025-07-17,2658,365835
Zone_43,2025-07-18,2918,344141
Zone_43,2025-07-19,2803,314408
Zone_43,2025-07-20,2756,348658
Zone_43,2025-07-21,3164,322653
Zone_43,2025-07-22,3002,374303
Zone_43,2025-07-23,2837,392960
Zone_44,2025-06-24,4323,146066
Zone_44,2025-06-25,4233,154371
Zone_44,2025-06-26,4477,135965
Zone_44,2025-06-27,3964,140172
Zone_44,2025-06-28,4075,141560
Zone_44,2025-06-29,4507,137641
Zone_44,2025-06-30,4235,142770
Zone_44,2025-07-01,4425,119828
Zone_44,2025-07-02,4116,144296
Zone_44,2025-07-03,4499,137296
Zone_44,2025-07-04,3846,148361
Zone_44,2025-07-05,4110,130351
Zone_44,2025-07-06,4112,140356
Zone_44,2025-07-07,4116,120239
Zone_44,2025-07-08,4435,154882
Zone_44,2025-07-09,4383,130869
Zone_44,2025-07-10,4202,142128
Zone_44,2025-07-11,4372,148845
Zone_44,2025-07-12,4089,143009
Zone_44,2025-07-13,4342,156683
Zone_44,2025-07-14,4394,150046
Zone_44,2025-07-15,4262,156232
Zone_44,2025-07-16,4331,133622
Zone_44,2025-07-17,4542,149139
Zone_44,2025-07-18,4150,137420
Zone_44,2025-07-19,4307,146803
Zone_44,2025-07-20,4286,145291
Zone_44,2025-07-21,4605,152858
Zone_44,2025-07-22,4285,151562
Zone_44,2025-07-23,4025,146153
Zone_45,2025-06-24,4953,84871
Zone_45,2025-06-25,4350,82252
Zone_45,2025-06-26,4295,81452
Zone_45,2025-06-27,4458,77707
Zone_45,2025-06-28,4546,91630
Zone_45,2025-06-29,4336,95352
Zone_45,2025-06-30,4659,92404
Zone_45,2025-07-01,4393,91342
Zone_45,2025-07-02,4294,91557
Zone_45,2025-07-03,4582,89524
Zone_45,2025-07-04,4275,80786
Zone_45,2025-07-05,4678,80465
Zone_45,2025-07-06,4648,77938
Zone_45,2025-07-07,4735,78751
Zone_45,2025-07-08,4668,89961
Zone_45,2025-07-09,4384,89698
Zone_45,2025-07-10,4602,82936
Zone_45,2025-07-11,4313,74346
Zone_45,2025-07-12,4622,76746
Zone_45,2025-07-13,4564,84597
Zone_45,2025-07-14,4697,84364
Zone_45,2025-07-15,4468,90602
Zone_45,2025-07-16,4619,88094
Zone_45,2025-07-17,4649,76922
Zone_45,2025-07-18,4714,89882
Zone_45,2025-07-19,4312,84714
Zone_45,2025-07-20,4534,85375
Zone_45,2025-07-21,4618,94822
Zone_45,2025-07-22,4788,78270
Zone_45,2025-07-23,4684,94204
Zone_46,2025-06-24,2339,598407
Zone_46,2025-06-25,2525,595789
Zone_46,2025-06-26,2323,596621
Zone_46,2025-06-27,2311,556880
Zone_46,2025-06-28,2254,616792
Zone_46,2025-06-29,2201,615584
Zone_46,2025-06-30,2352,501493
Zone_46,2025-07-01,2337,474224
Zone_46,2025-07-02,2366,590400
Zone_46,2025-07-03,2227,560758
Zone_46,2025-07-04,2519,536268
Zone_46,2025-07-05,2173,613611
Zone_46,2025-07-06,2520,556093
Zone_46,2025-07-07,2411,608155
Zone_46,2025-07-08,2209,537063
Zone_46,2025-07-09,2436,621524
Zone_46,2025-07-10,2359,521710
Zone_46,2025-07-11,2523,535286
Zone_46,2025-07-12,2256,569272
Zone_46,2025-07-13,2473,589183
Zone_46,2025-07-14,2342,573979
Zone_46,2025-07-15,2299,577670
Zone_46,2025-07-16,2004,544407
Zone_46,2025-07-17,2322,511156
Zone_46,2025-07-18,2339,547992
Zone_46,2025-07-19,2496,617166
Zone_46,2025-07-20,2241,550079
Zone_46,2025-07-21,2286,538372
Zone_46,2025-07-22,2317,526440
Zone_46,2025-07-23,2165,580183
Zone_47,2025-06-24,4233,177708
Zone_47,2025-06-25,4287,179985
Zone_47,2025-06-26,4155,199124
Zone_47,2025-06-27,4097,194305
Zone_47,2025-06-28,3998,185721
Zone_47,2025-06-29,4061,178469
Zone_47,2025-06-30,4067,167897
Zone_47,2025-07-01,4003,184555
Zone_47,2025-07-02,4051,185127
Zone_47,2025-07-03,4091,194630
Zone_47,2025-07-04,4283,179745
Zone_47,2025-07-05,3857,174575
Zone_47,2025-07-06,4004,183672
Zone_47,2025-07-07,3945,171225
Zone_47,2025-07-08,4010,190702
Zone_47,2025-07-09,4226,180963
Zone_47,2025-07-10,4019,176095
Zone_47,2025-07-11,4097,177127
Zone_47,2025-07-12,4221,164770
Zone_47,2025-07-13,4030,192280
Zone_47,2025-07-14,4141,223809
Zone_47,2025-07-15,4175,175075
Zone_47,2025-07-16,4084,164896
Zone_47,2025-07-17,4087,177329
Zone_47,2025-07-18,4291,181067
Zone_47,2025-07-19,4080,179933
Zone_47,2025-07-20,4460,184076
Zone_47,2025-07-21,4480,199042
Zone_47,2025-07-22,4202,193171
Zone_47,2025-07-23,4184,162900
Zone_48,2025-06-24,4499,591173
Zone_48,2025-06-25,4551,503251
Zone_48,2025-06-26,4551,624733
Zone_48,2025-06-27,4847,555730
Zone_48,2025-06-28,4780,543833
Zone_48,2025-06-29,4174,522033
Zone_48,2025-06-30,4919,547447
Zone_48,2025-07-01,4507,546438
Zone_48,2025-07-02,4997,621680
Zone_48,2025-07-03,5069,551938
Zone_48,2025-07-04,4630,498896
Zone_48,2025-07-05,4899,512527
Zone_48,2025-07-06,4612,515280
Zone_48,2025-07-07,4428,525440
Zone_48,2025-07-08,4424,537089
Zone_48,2025-07-09,4437,590711
Zone_48,2025-07-10,4310,566769
Zone_48,2025-07-11,4840,538102
Zone_48,2025-07-12,4399,549146
Zone_48,2025-07-13,4832,565736
Zone_48,2025-07-14,4441,577058
Zone_48,2025-07-15,4311,584774
Zone_48,2025-07-16,4656,546126
Zone_48,2025-07-17,4371,523509
Zone_48,2025-07-18,4685,606170
Zone_48,2025-07-19,4417,576062
Zone_48,2025-07-20,4086,535311
Zone_48,2025-07-21,4555,522611
Zone_48,2025-07-22,4349,532062
Zone_48,2025-07-23,4629,550833
Zone_49,2025-06-24,2356,203596
Zone_49,2025-06-25,2572,246748
Zone_49,2025-06-26,2288,230725
Zone_49,2025-06-27,2583,262324
Zone_49,2025-06-28,2601,245498
Zone_49,2025-06-29,2671,203431
Zone_49,2025-06-30,2754,242693
Zone_49,2025-07-01,2720,304799
Zone_49,2025-07-02,2376,267953
Zone_49,2025-07-03,2614,243897
Zone_49,2025-07-04,2646,231988
Zone_49,2025-07-05,2577,244603
Zone_49,2025-07-06,2451,251650
Zone_49,2025-07-07,2597,220175
Zone_49,2025-07-08,2593,260128
Zone_49,2025-07-09,2581,245088
Zone_49,2025-07-10,2556,251773
Zone_49,2025-07-11,2743,270027
Zone_49,2025-07-12,2629,250279
Zone_49,2025-07-13,2666,260777
Zone_49,2025-07-14,2557,251557
Zone_49,2025-07-15,2627,238014
Zone_49,2025-07-16,2665,243310
Zone_49,2025-07-17,2637,242682
Zone_49,2025-07-18,2862,255581
Zone_49,2025-07-19,2768,231464
Zone_49,2025-07-20,2535,255077
Zone_49,2025-07-21,2769,263735
Zone_49,2025-07-22,2572,235247
Zone_49,2025-07-23,2435,232520
Zone_50,2025-06-24,5731,470459
Zone_50,2025-06-25,5633,479855
Zone_50,2025-06-26,5547,447269
Zone_50,2025-06-27,5482,384511
Zone_50,2025-06-28,5407,430833
Zone_50,2025-06-29,5788,512806
Zone_50,2025-06-30,5586,538121
Zone_50,2025-07-01,5199,545828
Zone_50,2025-07-02,5713,478287
Zone_50,2025-07-03,5768,448678
Zone_50,2025-07-04,5233,465622
Zone_50,2025-07-05,5314,450371
Zone_50,2025-07-06,5792,477528
Zone_50,2025-07-07,5555,466924
Zone_50,2025-07-08,4962,495534
Zone_50,2025-07-09,4937,484004
Zone_50,2025-07-10,5085,553995
Zone_50,2025-07-11,5707,489941
Zone_50,2025-07-12,5803,457529
Zone_50,2025-07-13,5607,493143
Zone_50,2025-07-14,5531,529656
Zone_50,2025-07-15,5658,496170
Zone_50,2025-07-16,5007,453657
Zone_50,2025-07-17,5425,489519
Zone_50,2025-07-18,5150,568443
Zone_50,2025-07-19,5872,506839
Zone_50,2025-07-20,5478,479116
Zone_50,2025-07-21,5199,488978
Zone_50,2025-07-22,5529,444066
Zone_50,2025-07-23,5550,481055
Zone_51,2025-06-24,1891,340259
Zone_51,2025-06-25,2047,409908
Zone_51,2025-06-26,2149,328218
Zone_51,2025-06-27,2141,322850
Zone_51,2025-06-28,2204,350125
Zone_51,2025-06-29,2081,395667
Zone_51,2025-06-30,1956,326656
Zone_51,2025-07-01,2029,388383
Zone_51,2025-07-02,1932,290286
Zone_51,2025-07-03,2043,376049
Zone_51,2025-07-04,2216,350327
Zone_51,2025-07-05,2047,391311
Zone_51,2025-07-06,1895,352219
Zone_51,2025-07-07,2110,373451
Zone_51,2025-07-08,2037,362938
Zone_51,2025-07-09,1830,345382
Zone_51,2025-07-10,2138,337170
Zone_51,2025-07-11,2097,373391
Zone_51,2025-07-12,2055,366386
Zone_51,2025-07-13,1990,356829
Zone_51,2025-07-14,2154,366044
Zone_51,2025-07-15,2029,367748
Zone_51,2025-07-16,2165,310111
Zone_51,2025-07-17,2212,353543
Zone_51,2025-07-18,2135,392409
Zone_51,2025-07-19,1947,344085
Zone_51,2025-07-20,2060,342202
Zone_51,2025-07-21,2272,340351
Zone_51,2025-07-22,2032,367246
Zone_51,2025-07-23,1965,352037
Zone_52,2025-06-24,4450,171818
Zone_52,2025-06-25,4360,169398
Zone_52,2025-06-26,4049,179877
Zone_52,2025-06-27,4765,176143
Zone_52,2025-06-28,4430,184447
Zone_52,2025-06-29,4102,196882
Zone_52,2025-06-30,4425,196011
Zone_52,2025-07-01,4220,198304
Zone_52,2025-07-02,4550,182727
Zone_52,2025-07-03,4432,172856
Zone_52,2025-07-04,4643,177645
Zone_52,2025-07-05,3950,162159
Zone_52,2025-07-06,4340,179734
Zone_52,2025-07-07,4368,190927
Zone_52,2025-07-08,3953,177685
Zone_52,2025-07-09,3982,185272
Zone_52,2025-07-10,4360,181084
Zone_52,2025-07-11,4191,191672
Zone_52,2025-07-12,4609,183102
Zone_52,2025-07-13,4352,183057
Zone_52,2025-07-14,4226,186452
Zone_52,2025-07-15,4742,189100
Zone_52,2025-07-16,4221,180367
Zone_52,2025-07-17,4097,182965
Zone_52,2025-07-18,4479,152891
Zone_52,2025-07-19,4126,172430
Zone_52,2025-07-20,4315,161023
Zone_52,2025-07-21,4466,179013
Zone_52,2025-07-22,4338,166610
Zone_52,2025-07-23,4610,196301
Zone_53,2025-06-24,4154,334781
Zone_53,2025-06-25,4361,341004
Zone_53,2025-06-26,4227,367879
Zone_53,2025-06-27,3850,382047
Zone_53,2025-06-28,4272,339695
Zone_53,2025-06-29,4238,348850
Zone_53,2025-06-30,3888,386371
Zone_53,2025-07-01,4265,360616
Zone_53,2025-07-02,4459,324767
Zone_53,2025-07-03,4357,343217
Zone_53,2025-07-04,4437,297687
Zone_53,2025-07-05,4235,335010
Zone_53,2025-07-06,4349,361278
Zone_53,2025-07-07,4106,332333
Zone_53,2025-07-08,4233,327816
Zone_53,2025-07-09,4436,340730
Zone_53,2025-07-10,3638,340592
Zone_53,2025-07-11,4035,309830
Zone_53,2025-07-12,3993,352448
Zone_53,2025-07-13,4539,357437
Zone_53,2025-07-14,4127,360932
Zone_53,2025-07-15,4159,332763
Zone_53,2025-07-16,4011,306878
Zone_53,2025-07-17,4174,353639
Zone_53,2025-07-18,4236,339585
Zone_53,2025-07-19,4055,364662
Zone_53,2025-07-20,3976,368770
Zone_53,2025-07-21,4043,331347
Zone_53,2025-07-22,3944,337493
Zone_53,2025-07-23,4464,362394
Zone_54,2025-06-24,2555,551112
Zone_54,2025-06-25,2301,519368
Zone_54,2025-06-26,2340,581200
Zone_54,2025-06-27,2290,564941
Zone_54,2025-06-28,2544,599774
Zone_54,2025-06-29,2386,558190
Zone_54,2025-06-30,2713,508692
Zone_54,2025-07-01,2249,461710
Zone_54,2025-07-02,2522,461593
Zone_54,2025-07-03,2390,547955
Zone_54,2025-07-04,2458,547514
Zone_54,2025-07-05,2463,579276
Zone_54,2025-07-06,2320,506483
Zone_54,2025-07-07,2341,562577
Zone_54,2025-07-08,2545,548473
Zone_54,2025-07-09,2580,487836
Zone_54,2025-07-10,2639,588371
Zone_54,2025-07-11,2525,597994
Zone_54,2025-07-12,2234,512161
Zone_54,2025-07-13,2346,558531
Zone_54,2025-07-14,2308,559872
Zone_54,2025-07-15,2602,557553
Zone_54,2025-07-16,2470,494913
Zone_54,2025-07-17,2332,578187
Zone_54,2025-07-18,2530,530227
Zone_54,2025-07-19,2385,456284
Zone_54,2025-07-20,2305,602818
Zone_54,2025-07-21,2280,538731
Zone_54,2025-07-22,2558,484974
Zone_54,2025-07-23,2458,566586
Zone_55,2025-06-24,4498,397871
Zone_55,2025-06-25,4120,355898
Zone_55,2025-06-26,4457,349245
Zone_55,2025-06-27,4595,314337
Zone_55,2025-06-28,4547,288249
Zone_55,2025-06-29,4631,338257
Zone_55,2025-06-30,4639,355883
Zone_55,2025-07-01,4578,334776
Zone_55,2025-07-02,4297,314822
Zone_55,2025-07-03,4762,364656
Zone_55,2025-07-04,4442,332408
Zone_55,2025-07-05,4292,358542
Zone_55,2025-07-06,4645,376366
Zone_55,2025-07-07,4298,322574
Zone_55,2025-07-08,4548,346336
Zone_55,2025-07-09,4447,311094
Zone_55,2025-07-10,4694,348067
Zone_55,2025-07-11,4290,362780
Zone_55,2025-07-12,4759,334456
Zone_55,2025-07-13,4513,344192
Zone_55,2025-07-14,4302,332038
Zone_55,2025-07-15,4012,351670
Zone_55,2025-07-16,4144,366212
Zone_55,2025-07-17,4421,326432
Zone_55,2025-07-18,4354,324661
Zone_55,2025-07-19,4814,273639
Zone_55,2025-07-20,4783,339182
Zone_55,2025-07-21,4224,306401
Zone_55,2025-07-22,4872,309411
Zone_55,2025-07-23,4236,357720
Zone_56,2025-06-24,3863,550835
Zone_56,2025-06-25,3840,547211
Zone_56,2025-06-26,4008,633342
Zone_56,2025-06-27,3900,604467
Zone_56,2025-06-28,4133,589529
Zone_56,2025-06-29,3574,608090
Zone_56,2025-06-30,4195,547664
Zone_56,2025-07-01,3730,606727
Zone_56,2025-07-02,3788,549004
Zone_56,2025-07-03,4012,685285
Zone_56,2025-07-04,3836,552232
Zone_56,2025-07-05,3504,600188
Zone_56,2025-07-06,4008,609151
Zone_56,2025-07-07,3798,565223
Zone_56,2025-07-08,3591,623990
Zone_56,2025-07-09,3972,525752
Zone_56,2025-07-10,4100,613232
Zone_56,2025-07-11,4064,534155
Zone_56,2025-07-12,3539,583394
Zone_56,2025-07-13,3894,663674
Zone_56,2025-07-14,3933,579527
Zone_56,2025-07-15,3604,640301
Zone_56,2025-07-16,3615,656745
Zone_56,2025-07-17,3744,655182
Zone_56,2025-07-18,3927,583888
Zone_56,2025-07-19,3700,575473
Zone_56,2025-07-20,3880,592726
Zone_56,2025-07-21,3686,582706
Zone_56,2025-07-22,3813,501693
Zone_56,2025-07-23,3886,549110
Zone_57,2025-06-24,3724,83107
Zone_57,2025-06-25,3597,85296
Zone_57,2025-06-26,3811,107122
Zone_57,2025-06-27,3848,95410
Zone_57,2025-06-28,4031,95102
Zone_57,2025-06-29,3936,86353
Zone_57,2025-06-30,4238,106159
Zone_57,2025-07-01,3619,87482
Zone_57,2025-07-02,3896,87875
Zone_57,2025-07-03,4051,89433
Zone_57,2025-07-04,4379,102091
Zone_57,2025-07-05,3994,101012
Zone_57,2025-07-06,4170,90517
Zone_57,2025-07-07,3790,94753
Zone_57,2025-07-08,4122,95155
Zone_57,2025-07-09,3640,88942
Zone_57,2025-07-10,3937,93738
Zone_57,2025-07-11,4341,85095
Zone_57,2025-07-12,4051,104061
Zone_57,2025-07-13,4400,91570
Zone_57,2025-07-14,4049,97996
Zone_57,2025-07-15,3990,93585
Zone_57,2025-07-16,4038,77533
Zone_57,2025-07-17,4086,95070
Zone_57,2025-07-18,3908,107740
Zone_57,2025-07-19,3818,91579
Zone_57,2025-07-20,4345,88749
Zone_57,2025-07-21,3843,93268
Zone_57,2025-07-22,4118,95608
Zone_57,2025-07-23,3696,90727
Zone_58,2025-06-24,1452,50974
Zone_58,2025-06-25,1529,52752
Zone_58,2025-06-26,1364,55069
Zone_58,2025-06-27,1516,56219
Zone_58,2025-06-28,1531,55203
Zone_58,2025-06-29,1532,56081
Zone_58,2025-06-30,1537,50900
Zone_58,2025-07-01,1668,54441
Zone_58,2025-07-02,1540,46673
Zone_58,2025-07-03,1401,52302
Zone_58,2025-07-04,1508,49048
Zone_58,2025-07-05,1508,56951
Zone_58,2025-07-06,1550,47158
Zone_58,2025-07-07,1489,48364
Zone_58,2025-07-08,1468,49768
Zone_58,2025-07-09,1462,46749
Zone_58,2025-07-10,1488,49240
Zone_58,2025-07-11,1278,58617
Zone_58,2025-07-12,1579,49901
Zone_58,2025-07-13,1499,47048
Zone_58,2025-07-14,1625,58058
Zone_58,2025-07-15,1509,54924
Zone_58,2025-07-16,1511,46456
Zone_58,2025-07-17,1467,51725
Zone_58,2025-07-18,1463,50467
Zone_58,2025-07-19,1491,50961
Zone_58,2025-07-20,1501,47446
Zone_58,2025-07-21,1444,46643
Zone_58,2025-07-22,1571,43697
Zone_58,2025-07-23,1584,56225
Zone_59,2025-06-24,2915,437880
Zone_59,2025-06-25,2906,533044
Zone_59,2025-06-26,2810,516138
Zone_59,2025-06-27,3186,560372
Zone_59,2025-06-28,2823,475569
Zone_59,2025-06-29,2911,527449
Zone_59,2025-06-30,3033,515385
Zone_59,2025-07-01,3035,607982
Zone_59,2025-07-02,3080,533647
Zone_59,2025-07-03,2932,522081
Zone_59,2025-07-04,3134,511937
Zone_59,2025-07-05,2966,537368
Zone_59,2025-07-06,2885,484007
Zone_59,2025-07-07,3007,533163
Zone_59,2025-07-08,3034,515449
Zone_59,2025-07-09,3140,502587
Zone_59,2025-07-10,3213,469945
Zone_59,2025-07-11,3024,553269
Zone_59,2025-07-12,2842,551356
Zone_59,2025-07-13,3149,452360
Zone_59,2025-07-14,3034,441998
Zone_59,2025-07-15,2817,596513
Zone_59,2025-07-16,2873,491451
Zone_59,2025-07-17,2930,612958
Zone_59,2025-07-18,2688,496045
Zone_59,2025-07-19,3181,605079
Zone_59,2025-07-20,2944,489008
Zone_59,2025-07-21,3270,595212
Zone_59,2025-07-22,3060,504999
Zone_59,2025-07-23,2952,529439
Zone_60,2025-06-24,4978,402982
Zone_60,2025-06-25,5112,338236
Zone_60,2025-06-26,5234,373844
Zone_60,2025-06-27,5065,403380
Zone_60,2025-06-28,4624,364908
Zone_60,2025-06-29,4766,325676
Zone_60,2025-06-30,4981,430141
Zone_60,2025-07-01,4446,364999
Zone_60,2025-07-02,5053,368977
Zone_60,2025-07-03,4869,332555
Zone_60,2025-07-04,4953,346446
Zone_60,2025-07-05,4360,396416
Zone_60,2025-07-06,5131,367148
Zone_60,2025-07-07,4953,393336
Zone_60,2025-07-08,4951,388975
Zone_60,2025-07-09,4824,399423
Zone_60,2025-07-10,4975,370795
Zone_60,2025-07-11,4586,373174
Zone_60,2025-07-12,4693,349480
Zone_60,2025-07-13,4697,338522
Zone_60,2025-07-14,5417,399918
Zone_60,2025-07-15,5367,334510
Zone_60,2025-07-16,4914,332702
Zone_60,2025-07-17,4726,342314
Zone_60,2025-07-18,5200,355679
Zone_60,2025-07-19,5158,381296
Zone_60,2025-07-20,5461,327940
Zone_60,2025-07-21,5205,395183
Zone_60,2025-07-22,4658,391616
Zone_60,2025-07-23,4979,360000
Zone_61,2025-06-24,5308,352930
Zone_61,2025-06-25,6104,371655
Zone_61,2025-06-26,5753,351063
Zone_61,2025-06-27,5321,399785
Zone_61,2025-06-28,5163,360836
Zone_61,2025-06-29,5546,374535
Zone_61,2025-06-30,5487,381935
Zone_61,2025-07-01,5728,390749
Zone_61,2025-07-02,5264,364245
Zone_61,2025-07-03,5867,394911
Zone_61,2025-07-04,5156,380781
Zone_61,2025-07-05,4989,372858
Zone_61,2025-07-06,6062,346978
Zone_61,2025-07-07,5306,391513
Zone_61,2025-07-08,5109,355177
Zone_61,2025-07-09,5702,355137
Zone_61,2025-07-10,5471,390997
Zone_61,2025-07-11,5653,378579
Zone_61,2025-07-12,5443,381265
Zone_61,2025-07-13,5502,383547
Zone_61,2025-07-14,5399,366888
Zone_61,2025-07-15,5262,370727
Zone_61,2025-07-16,5312,342656
Zone_61,2025-07-17,5608,377172
Zone_61,2025-07-18,5753,360422
Zone_61,2025-07-19,5649,385966
Zone_61,2025-07-20,5660,350158
Zone_61,2025-07-21,5578,381110
Zone_61,2025-07-22,5538,317358
Zone_61,2025-07-23,5581,429196
Zone_62,2025-06-24,1624,358126
Zone_62,2025-06-25,1684,385610
Zone_62,2025-06-26,1752,344132
Zone_62,2025-06-27,1714,392955
Zone_62,2025-06-28,1642,386305
Zone_62,2025-06-29,1739,400401
Zone_62,2025-06-30,1559,399023
Zone_62,2025-07-01,1648,379283
Zone_62,2025-07-02,1660,373390
Zone_62,2025-07-03,1752,375147
Zone_62,2025-07-04,1561,366963
Zone_62,2025-07-05,1668,409828
Zone_62,2025-07-06,1703,354892
Zone_62,2025-07-07,1859,384353
Zone_62,2025-07-08,1759,373351
Zone_62,2025-07-09,1698,399533
Zone_62,2025-07-10,1754,405289
Zone_62,2025-07-11,1726,369035
Zone_62,2025-07-12,1606,386144
Zone_62,2025-07-13,1731,371475
Zone_62,2025-07-14,1742,415730
Zone_62,2025-07-15,1578,355251
Zone_62,2025-07-16,1642,385484
Zone_62,2025-07-17,1610,413077
Zone_62,2025-07-18,1689,378400
Zone_62,2025-07-19,1535,342601
Zone_62,2025-07-20,1677,321026
Zone_62,2025-07-21,1737,373181
Zone_62,2025-07-22,1922,438322
Zone_62,2025-07-23,1638,374550
Zone_63,2025-06-24,4486,63738
Zone_63,2025-06-25,3923,49827
Zone_63,2025-06-26,4141,59272
Zone_63,2025-06-27,4380,61213
Zone_63,2025-06-28,4017,47715
Zone_63,2025-06-29,4457,53647
Zone_63,2025-06-30,3842,57527
Zone_63,2025-07-01,4443,56462
Zone_63,2025-07-02,4176,56313
Zone_63,2025-07-03,4194,51575
Zone_63,2025-07-04,4121,59027
Zone_63,2025-07-05,4342,57618
Zone_63,2025-07-06,4061,56225
Zone_63,2025-07-07,3808,57660
Zone_63,2025-07-08,4579,51072
Zone_63,2025-07-09,4148,58260
Zone_63,2025-07-10,4541,55162
Zone_63,2025-07-11,4126,49100
Zone_63,2025-07-12,4296,65089
Zone_63,2025-07-13,4333,56860
Zone_63,2025-07-14,4342,56904
Zone_63,2025-07-15,4100,60230
Zone_63,2025-07-16,4322,57019
Zone_63,2025-07-17,4065,62145
Zone_63,2025-07-18,4416,54744
Zone_63,2025-07-19,4488,54965
Zone_63,2025-07-20,4106,53920
Zone_63,2025-07-21,3895,58828
Zone_63,2025-07-22,3882,52051
Zone_63,2025-07-23,3830,56605
Zone_64,2025-06-24,5927,359131
Zone_64,2025-06-25,5660,337378
Zone_64,2025-06-26,6110,353372
Zone_64,2025-06-27,6066,344761
Zone_64,2025-06-28,6026,401067
Zone_64,2025-06-29,6147,356926
Zone_64,2025-06-30,6048,361345
Zone_64,2025-07-01,5974,359159
Zone_64,2025-07-02,5922,372993
Zone_64,2025-07-03,5675,341400
Zone_64,2025-07-04,5557,326365
Zone_64,2025-07-05,5608,371639
Zone_64,2025-07-06,5705,380751
Zone_64,2025-07-07,5982,316892
Zone_64,2025-07-08,6167,388396
Zone_64,2025-07-09,5675,378347
Zone_64,2025-07-10,5716,370049
Zone_64,2025-07-11,5594,321404
Zone_64,2025-07-12,5857,364353
Zone_64,2025-07-13,5853,337074
Zone_64,2025-07-14,5852,374465
Zone_64,2025-07-15,5958,372232
Zone_64,2025-07-16,5771,397682
Zone_64,2025-07-17,5620,380080
Zone_64,2025-07-18,6324,379909
Zone_64,2025-07-19,5911,353945
Zone_64,2025-07-20,6281,330927
Zone_64,2025-07-21,5682,357308
Zone_64,2025-07-22,6341,377307
Zone_64,2025-07-23,5682,359553
Zone_65,2025-06-24,2429,480005
Zone_65,2025-06-25,2629,456601
Zone_65,2025-06-26,2708,534385
Zone_65,2025-06-27,2643,488733
Zone_65,2025-06-28,2488,454429
Zone_65,2025-06-29,2441,522556
Zone_65,2025-06-30,2669,465956
Zone_65,2025-07-01,2461,499752
Zone_65,2025-07-02,2332,526010
Zone_65,2025-07-03,2416,498193
Zone_65,2025-07-04,2450,477193
Zone_65,2025-07-05,2506,497478
Zone_65,2025-07-06,2460,479345
Zone_65,2025-07-07,2547,563569
Zone_65,2025-07-08,2524,540321
Zone_65,2025-07-09,2332,510679
Zone_65,2025-07-10,2369,452882
Zone_65,2025-07-11,2414,547244
Zone_65,2025-07-12,2626,513693
Zone_65,2025-07-13,2314,498162
Zone_65,2025-07-14,2544,511308
Zone_65,2025-07-15,2275,473622
Zone_65,2025-07-16,2498,524063
Zone_65,2025-07-17,2231,499369
Zone_65,2025-07-18,2524,535141
Zone_65,2025-07-19,2593,525700
Zone_65,2025-07-20,2406,437640
Zone_65,2025-07-21,2457,540516
Zone_65,2025-07-22,2681,530224
Zone_65,2025-07-23,2560,518524
Zone_66,2025-06-24,3477,384357
Zone_66,2025-06-25,3875,362296
Zone_66,2025-06-26,3865,379145
Zone_66,2025-06-27,3814,349690
Zone_66,2025-06-28,3681,367884
Zone_66,2025-06-29,3323,393822
Zone_66,2025-06-30,3757,364946
Zone_66,2025-07-01,3308,385395
Zone_66,2025-07-02,3561,402777
Zone_66,2025-07-03,3746,386275
Zone_66,2025-07-04,3908,393977
Zone_66,2025-07-05,3515,344131
Zone_66,2025-07-06,3530,378755
Zone_66,2025-07-07,3748,400446
Zone_66,2025-07-08,3366,392566
Zone_66,2025-07-09,3697,429378
Zone_66,2025-07-10,3735,408547
Zone_66,2025-07-11,3587,398432
Zone_66,2025-07-12,3800,351701
Zone_66,2025-07-13,3514,366912
Zone_66,2025-07-14,3644,421292
Zone_66,2025-07-15,3470,322986
Zone_66,2025-07-16,3503,412691
Zone_66,2025-07-17,3673,399515
Zone_66,2025-07-18,3526,353160
Zone_66,2025-07-19,3669,365236
Zone_66,2025-07-20,3967,403379
Zone_66,2025-07-21,3473,371288
Zone_66,2025-07-22,3560,381385
Zone_66,2025-07-23,3776,392950
Zone_67,2025-06-24,2440,596134
Zone_67,2025-06-25,2539,554800
Zone_67,2025-06-26,2455,539848
Zone_67,2025-06-27,2572,456828
Zone_67,2025-06-28,2788,574030
Zone_67,2025-06-29,2482,485845
Zone_67,2025-06-30,2577,529662
Zone_67,2025-07-01,2578,533527
Zone_67,2025-07-02,2597,579804
Zone_67,2025-07-03,2604,487784
Zone_67,2025-07-04,2705,586928
Zone_67,2025-07-05,2932,485063
Zone_67,2025-07-06,2563,449736
Zone_67,2025-07-07,2603,506264
Zone_67,2025-07-08,2776,497920
Zone_67,2025-07-09,2319,509099
Zone_67,2025-07-10,2282,554147
Zone_67,2025-07-11,2271,527515
Zone_67,2025-07-12,2269,514663
Zone_67,2025-07-13,2741,539757
Zone_67,2025-07-14,2423,525317
Zone_67,2025-07-15,2535,543884
Zone_67,2025-07-16,2359,548304
Zone_67,2025-07-17,2190,503254
Zone_67,2025-07-18,2471,549806
Zone_67,2025-07-19,2535,474668
Zone_67,2025-07-20,2408,533788
Zone_67,2025-07-21,2522,505124
Zone_67,2025-07-22,2472,552122
Zone_67,2025-07-23,2467,523220
Zone_68,2025-06-24,6352,366079
Zone_68,2025-06-25,5200,428902
Zone_68,2025-06-26,5536,397542
Zone_68,2025-06-27,5507,399205
Zone_68,2025-06-28,6189,429430
Zone_68,2025-06-29,5978,366291
Zone_68,2025-06-30,5401,325794
Zone_68,2025-07-01,5499,433829
Zone_68,2025-07-02,5879,400295
Zone_68,2025-07-03,5724,386992
Zone_68,2025-07-04,5789,428398
Zone_68,2025-07-05,5267,415128
Zone_68,2025-07-06,5998,394785
Zone_68,2025-07-07,5931,486710
Zone_68,2025-07-08,5701,417794
Zone_68,2025-07-09,5519,411758
Zone_68,2025-07-10,5862,412145
Zone_68,2025-07-11,5438,412473
Zone_68,2025-07-12,6149,419369
Zone_68,2025-07-13,6006,399854
Zone_68,2025-07-14,5945,414548
Zone_68,2025-07-15,5458,415665
Zone_68,2025-07-16,5446,388586
Zone_68,2025-07-17,5785,415060
Zone_68,2025-07-18,5390,436598
Zone_68,2025-07-19,5894,386542
Zone_68,2025-07-20,5290,402475
Zone_68,2025-07-21,5603,409820
Zone_68,2025-07-22,5626,349463
Zone_68,2025-07-23,5619,397901
Zone_69,2025-06-24,4446,347690
Zone_69,2025-06-25,4671,316640
Zone_69,2025-06-26,4592,359816
Zone_69,2025-06-27,4495,367599
Zone_69,2025-06-28,4555,355644
Zone_69,2025-06-29,4073,401906
Zone_69,2025-06-30,4285,371226
Zone_69,2025-07-01,4576,339150
Zone_69,2025-07-02,4438,350462
Zone_69,2025-07-03,4281,367406
Zone_69,2025-07-04,3986,345627
Zone_69,2025-07-05,4601,388233
Zone_69,2025-07-06,4296,371778
Zone_69,2025-07-07,4246,400270
Zone_69,2025-07-08,4266,371489
Zone_69,2025-07-09,4556,345664
Zone_69,2025-07-10,4645,326394
Zone_69,2025-07-11,4661,356020
Zone_69,2025-07-12,4257,317193
Zone_69,2025-07-13,4211,338949
Zone_69,2025-07-14,4179,362043
Zone_69,2025-07-15,4516,370869
Zone_69,2025-07-16,4376,337523
Zone_69,2025-07-17,4120,411584
Zone_69,2025-07-18,4151,407937
Zone_69,2025-07-19,4257,365615
Zone_69,2025-07-20,4540,398103
Zone_69,2025-07-21,4286,355622
Zone_69,2025-07-22,4297,374204
Zone_69,2025-07-23,4502,365665
Zone_70,2025-06-24,1033,395113
Zone_70,2025-06-25,1021,362194
Zone_70,2025-06-26,925,289187
Zone_70,2025-06-27,1021,352109
Zone_70,2025-06-28,976,360504
Zone_70,2025-06-29,998,382444
Zone_70,2025-06-30,1006,335929
Zone_70,2025-07-01,1051,349074
Zone_70,2025-07-02,1028,342616
Zone_70,2025-07-03,969,356550
Zone_70,2025-07-04,1002,366367
Zone_70,2025-07-05,988,308897
Zone_70,2025-07-06,980,374158
Zone_70,2025-07-07,987,348348
Zone_70,2025-07-08,1051,336796
Zone_70,2025-07-09,924,350476
Zone_70,2025-07-10,977,330487
Zone_70,2025-07-11,993,366657
Zone_70,2025-07-12,1001,362078
Zone_70,2025-07-13,1092,345954
Zone_70,2025-07-14,1015,341827
Zone_70,2025-07-15,959,339949
Zone_70,2025-07-16,978,363381
Zone_70,2025-07-17,1119,336695
Zone_70,2025-07-18,981,352895
Zone_70,2025-07-19,1021,361001
Zone_70,2025-07-20,1066,294257
Zone_70,2025-07-21,882,342158
Zone_70,2025-07-22,1056,315614
Zone_70,2025-07-23,851,368634
Zone_71,2025-06-24,4104,277913
Zone_71,2025-06-25,3855,280450
Zone_71,2025-06-26,4077,287684
Zone_71,2025-06-27,4155,240752
Zone_71,2025-06-28,3881,277158
Zone_71,2025-06-29,4003,289543
Zone_71,2025-06-30,4216,261715
Zone_71,2025-07-01,4064,312634
Zone_71,2025-07-02,4431,290728
Zone_71,2025-07-03,4120,262883
Zone_71,2025-07-04,3570,318667
Zone_71,2025-07-05,4053,325695
Zone_71,2025-07-06,3776,311824
Zone_71,2025-07-07,4433,309714
Zone_71,2025-07-08,4111,301055
Zone_71,2025-07-09,3736,329425
Zone_71,2025-07-10,3931,311500
Zone_71,2025-07-11,3738,276034
Zone_71,2025-07-12,4345,293560
Zone_71,2025-07-13,4349,299227
Zone_71,2025-07-14,3681,319663
Zone_71,2025-07-15,3935,315590
Zone_71,2025-07-16,4060,268375
Zone_71,2025-07-17,4088,347130
Zone_71,2025-07-18,4154,299663
Zone_71,2025-07-19,4273,305311
Zone_71,2025-07-20,4097,277884
Zone_71,2025-07-21,4102,322682
Zone_71,2025-07-22,3885,330876
Zone_71,2025-07-23,4036,282177
Zone_72,2025-06-24,5268,503082
Zone_72,2025-06-25,5208,502904
Zone_72,2025-06-26,5002,531126
Zone_72,2025-06-27,5090,441675
Zone_72,2025-06-28,4736,546789
Zone_72,2025-06-29,4984,494567
Zone_72,2025-06-30,4677,474586
Zone_72,2025-07-01,4510,509749
Zone_72,2025-07-02,4867,478652
Zone_72,2025-07-03,5000,526469
Zone_72,2025-07-04,5543,459056
Zone_72,2025-07-05,5308,548359
Zone_72,2025-07-06,4822,520692
Zone_72,2025-07-07,4903,520062
Zone_72,2025-07-08,5396,535152
Zone_72,2025-07-09,5145,497924
Zone_72,2025-07-10,4645,505897
Zone_72,2025-07-11,5320,458506
Zone_72,2025-07-12,4753,517926
Zone_72,2025-07-13,4770,484907
Zone_72,2025-07-14,4911,464312
Zone_72,2025-07-15,4773,538668
Zone_72,2025-07-16,4689,455965
Zone_72,2025-07-17,4859,539693
Zone_72,2025-07-18,4968,496693
Zone_72,2025-07-19,5029,450653
Zone_72,2025-07-20,5142,527168
Zone_72,2025-07-21,4915,549539
Zone_72,2025-07-22,4735,553922
Zone_72,2025-07-23,5056,501294
Zone_73,2025-06-24,5290,119486
Zone_73,2025-06-25,5619,111316
Zone_73,2025-06-26,5094,129123
Zone_73,2025-06-27,5138,127979
Zone_73,2025-06-28,5746,117003
Zone_73,2025-06-29,5476,110667
Zone_73,2025-06-30,5495,122070
Zone_73,2025-07-01,5421,114949
Zone_73,2025-07-02,4856,124631
Zone_73,2025-07-03,4749,117715
Zone_73,2025-07-04,5545,122007
Zone_73,2025-07-05,5811,129028
Zone_73,2025-07-06,5122,120620
Zone_73,2025-07-07,5283,107056
Zone_73,2025-07-08,5046,115664
Zone_73,2025-07-09,4756,120790
Zone_73,2025-07-10,5230,106292
Zone_73,2025-07-11,5403,126422
Zone_73,2025-07-12,5356,117658
Zone_73,2025-07-13,5452,126122
Zone_73,2025-07-14,5377,113440
Zone_73,2025-07-15,5369,130464
Zone_73,2025-07-16,5138,138069
Zone_73,2025-07-17,5156,120663
Zone_73,2025-07-18,5117,122271
Zone_73,2025-07-19,4834,115788
Zone_73,2025-07-20,5006,121530
Zone_73,2025-07-21,5559,125834
Zone_73,2025-07-22,4667,137599
Zone_73,2025-07-23,5374,113846
Zone_74,2025-06-24,1578,307233
Zone_74,2025-06-25,1513,307694
Zone_74,2025-06-26,1518,294899
Zone_74,2025-06-27,1512,273053
Zone_74,2025-06-28,1577,315924
Zone_74,2025-06-29,1606,320908
Zone_74,2025-06-30,1591,292172
Zone_74,2025-07-01,1631,274650
Zone_74,2025-07-02,1495,283006
Zone_74,2025-07-03,1650,323518
Zone_74,2025-07-04,1604,326262
Zone_74,2025-07-05,1497,310895
Zone_74,2025-07-06,1556,321481
Zone_74,2025-07-07,1556,295312
Zone_74,2025-07-08,1608,322103
Zone_74,2025-07-09,1513,302192
Zone_74,2025-07-10,1483,250420
Zone_74,2025-07-11,1581,316425
Zone_74,2025-07-12,1586,262072
Zone_74,2025-07-13,1538,256362
Zone_74,2025-07-14,1673,280417
Zone_74,2025-07-15,1664,323584
Zone_74,2025-07-16,1495,279424
Zone_74,2025-07-17,1593,285552
Zone_74,2025-07-18,1574,293232
Zone_74,2025-07-19,1426,256105
Zone_74,2025-07-20,1583,291560
Zone_74,2025-07-21,1522,318273
Zone_74,2025-07-22,1657,297699
Zone_74,2025-07-23,1539,314115
Zone_75,2025-06-24,4836,302594
Zone_75,2025-06-25,5332,312126
Zone_75,2025-06-26,4686,282061
Zone_75,2025-06-27,4961,300023
Zone_75,2025-06-28,5313,329155
Zone_75,2025-06-29,5060,287562
Zone_75,2025-06-30,5487,304125
Zone_75,2025-07-01,5517,303961
Zone_75,2025-07-02,4888,270136
Zone_75,2025-07-03,4786,311747
Zone_75,2025-07-04,5497,336509
Zone_75,2025-07-05,5407,322191
Zone_75,2025-07-06,5038,273822
Zone_75,2025-07-07,5409,306651
Zone_75,2025-07-08,5216,306018
Zone_75,2025-07-09,5272,324715
Zone_75,2025-07-10,5524,309290
Zone_75,2025-07-11,5408,308661
Zone_75,2025-07-12,5069,313718
Zone_75,2025-07-13,4827,319919
Zone_75,2025-07-14,4879,303900
Zone_75,2025-07-15,4969,309481
Zone_75,2025-07-16,5180,264680
Zone_75,2025-07-17,5298,285886
Zone_75,2025-07-18,5417,297967
Zone_75,2025-07-19,5291,277969
Zone_75,2025-07-20,5036,288374
Zone_75,2025-07-21,5411,332923
Zone_75,2025-07-22,4980,320398
Zone_75,2025-07-23,4626,273034
Zone_76,2025-06-24,2977,376017
Zone_76,2025-06-25,2879,427347
Zone_76,2025-06-26,3093,426370
Zone_76,2025-06-27,3234,423062
Zone_76,2025-06-28,3229,413318
Zone_76,2025-06-29,2941,446094
Zone_76,2025-06-30,3034,388138
Zone_76,2025-07-01,3099,388801
Zone_76,2025-07-02,3061,425342
Zone_76,2025-07-03,3181,389236
Zone_76,2025-07-04,3050,446574
Zone_76,2025-07-05,3204,475670
Zone_76,2025-07-06,3311,448608
Zone_76,2025-07-07,2910,437548
Zone_76,2025-07-08,3118,399320
Zone_76,2025-07-09,3153,442820
Zone_76,2025-07-10,3205,389799
Zone_76,2025-07-11,3243,396802
Zone_76,2025-07-12,3160,406520
Zone_76,2025-07-13,3092,437617
Zone_76,2025-07-14,2964,471894
Zone_76,2025-07-15,2842,397963
Zone_76,2025-07-16,3184,432328
Zone_76,2025-07-17,3111,413671
Zone_76,2025-07-18,3191,408621
Zone_76,2025-07-19,3344,439743
Zone_76,2025-07-20,3263,387250
Zone_76,2025-07-21,3114,406604
Zone_76,2025-07-22,2969,425811
Zone_76,2025-07-23,3042,434395
Zone_77,2025-06-24,3531,541151
Zone_77,2025-06-25,3563,490442
Zone_77,2025-06-26,3878,463732
Zone_77,2025-06-27,3890,441465
Zone_77,2025-06-28,4001,483505
Zone_77,2025-06-29,3619,472911
Zone_77,2025-06-30,3881,463265
Zone_77,2025-07-01,3591,475536
Zone_77,2025-07-02,3511,544583
Zone_77,2025-07-03,3625,511145
Zone_77,2025-07-04,3770,449738
Zone_77,2025-07-05,3729,509535
Zone_77,2025-07-06,3695,523368
Zone_77,2025-07-07,3921,514097
Zone_77,2025-07-08,3645,446515
Zone_77,2025-07-09,3616,489662
Zone_77,2025-07-10,3832,409602
Zone_77,2025-07-11,3729,488372
Zone_77,2025-07-12,3679,526687
Zone_77,2025-07-13,3809,527327
Zone_77,2025-07-14,3690,514724
Zone_77,2025-07-15,4036,527377
Zone_77,2025-07-16,3527,474449
Zone_77,2025-07-17,3666,499569
Zone_77,2025-07-18,3859,454662
Zone_77,2025-07-19,3743,414729
Zone_77,2025-07-20,3999,465702
Zone_77,2025-07-21,3741,472557
Zone_77,2025-07-22,3944,387085
Zone_77,2025-07-23,3727,479449
Zone_78,2025-06-24,974,625472
Zone_78,2025-06-25,952,588189
Zone_78,2025-06-26,1014,607319
Zone_78,2025-06-27,963,529409
Zone_78,2025-06-28,1051,574655
Zone_78,2025-06-29,919,536974
Zone_78,2025-06-30,1016,590766
Zone_78,2025-07-01,963,444201
Zone_78,2025-07-02,1023,510371
Zone_78,2025-07-03,896,447402
Zone_78,2025-07-04,1037,563065
Zone_78,2025-07-05,985,612300
Zone_78,2025-07-06,1028,621178
Zone_78,2025-07-07,927,556691
Zone_78,2025-07-08,916,549080
Zone_78,2025-07-09,984,582518
Zone_78,2025-07-10,999,582393
Zone_78,2025-07-11,1032,642218
Zone_78,2025-07-12,981,521281
Zone_78,2025-07-13,1009,526701
Zone_78,2025-07-14,1070,546977
Zone_78,2025-07-15,968,539630
Zone_78,2025-07-16,1032,551878
Zone_78,2025-07-17,965,623094
Zone_78,2025-07-18,954,559430
Zone_78,2025-07-19,1029,494316
Zone_78,2025-07-20,1020,516825
Zone_78,2025-07-21,1038,520437
Zone_78,2025-07-22,1031,601238
Zone_78,2025-07-23,1039,567858
Zone_79,2025-06-24,2698,352789
Zone_79,2025-06-25,2930,349622
Zone_79,2025-06-26,2588,384745
Zone_79,2025-06-27,2621,343174
Zone_79,2025-06-28,2532,355195
Zone_79,2025-06-29,2718,373878
Zone_79,2025-06-30,2859,381181
Zone_79,2025-07-01,2703,362522
Zone_79,2025-07-02,2799,400370
Zone_79,2025-07-03,2747,355550
Zone_79,2025-07-04,2594,330432
Zone_79,2025-07-05,2820,382496
Zone_79,2025-07-06,2808,364312
Zone_79,2025-07-07,2922,355164
Zone_79,2025-07-08,2860,366626
Zone_79,2025-07-09,2646,382870
Zone_79,2025-07-10,2785,376809
Zone_79,2025-07-11,2741,366647
Zone_79,2025-07-12,3056,398098
Zone_79,2025-07-13,2828,370499
Zone_79,2025-07-14,2867,380952
Zone_79,2025-07-15,2733,359811
Zone_79,2025-07-16,2718,286036
Zone_79,2025-07-17,2758,355052
Zone_79,2025-07-18,2947,368120
Zone_79,2025-07-19,2567,366339
Zone_79,2025-07-20,2587,379805
Zone_79,2025-07-21,2769,392271
Zone_79,2025-07-22,2622,368498
Zone_79,2025-07-23,2543,385674
Zone_80,2025-06-24,4495,275711
Zone_80,2025-06-25,4382,274200
Zone_80,2025-06-26,4733,261146
Zone_80,2025-06-27,4412,246205
Zone_80,2025-06-28,4191,268288
Zone_80,2025-06-29,4623,261683
Zone_80,2025-06-30,4330,258874
Zone_80,2025-07-01,4264,271965
Zone_80,2025-07-02,4053,290356
Zone_80,2025-07-03,4236,279929
Zone_80,2025-07-04,4103,278939
Zone_80,2025-07-05,4529,273630
Zone_80,2025-07-06,4164,271118
Zone_80,2025-07-07,4122,261749
Zone_80,2025-07-08,4607,281324
Zone_80,2025-07-09,4385,248281
Zone_80,2025-07-10,4523,266825
Zone_80,2025-07-11,3873,281061
Zone_80,2025-07-12,4376,288892
Zone_80,2025-07-13,4142,207210
Zone_80,2025-07-14,4443,271902
Zone_80,2025-07-15,4011,248212
Zone_80,2025-07-16,4985,260763
Zone_80,2025-07-17,4542,254327
Zone_80,2025-07-18,3924,263288
Zone_80,2025-07-19,4323,259005
Zone_80,2025-07-20,4356,271393
Zone_80,2025-07-21,4349,242887
Zone_80,2025-07-22,4488,230103
Zone_80,2025-07-23,3932,280251
Zone_81,2025-06-24,1443,558483
Zone_81,2025-06-25,1309,532949
Zone_81,2025-06-26,1389,498094
Zone_81,2025-06-27,1355,586340
Zone_81,2025-06-28,1508,544272
Zone_81,2025-06-29,1461,485606
Zone_81,2025-06-30,1454,529179
Zone_81,2025-07-01,1429,551011
Zone_81,2025-07-02,1500,526413
Zone_81,2025-07-03,1452,549764
Zone_81,2025-07-04,1396,553519
Zone_81,2025-07-05,1348,560182
Zone_81,2025-07-06,1403,570205
Zone_81,2025-07-07,1413,592058
Zone_81,2025-07-08,1473,519497
Zone_81,2025-07-09,1469,514170
Zone_81,2025-07-10,1449,585061
Zone_81,2025-07-11,1273,564385
Zone_81,2025-07-12,1375,530953
Zone_81,2025-07-13,1503,535078
Zone_81,2025-07-14,1351,563707
Zone_81,2025-07-15,1456,555176
Zone_81,2025-07-16,1490,581577
Zone_81,2025-07-17,1254,539953
Zone_81,2025-07-18,1368,579551
Zone_81,2025-07-19,1223,660788
Zone_81,2025-07-20,1445,566579
Zone_81,2025-07-21,1491,652727
Zone_81,2025-07-22,1469,597978
Zone_81,2025-07-23,1417,555180
Zone_82,2025-06-24,3975,346028
Zone_82,2025-06-25,3932,332545
Zone_82,2025-06-26,4056,323956
Zone_82,2025-06-27,4110,366332
Zone_82,2025-06-28,4101,353843
Zone_82,2025-06-29,4698,402233
Zone_82,2025-06-30,3818,373253
Zone_82,2025-07-01,3948,341186
Zone_82,2025-07-02,3799,378378
Zone_82,2025-07-03,3933,392148
Zone_82,2025-07-04,4274,402588
Zone_82,2025-07-05,3898,379488
Zone_82,2025-07-06,4200,355076
Zone_82,2025-07-07,3914,408645
Zone_82,2025-07-08,4118,383616
Zone_82,2025-07-09,3904,335920
Zone_82,2025-07-10,3956,364078
Zone_82,2025-07-11,3855,367013
Zone_82,2025-07-12,3728,338472
Zone_82,2025-07-13,4208,382789
Zone_82,2025-07-14,3992,341101
Zone_82,2025-07-15,3862,357670
Zone_82,2025-07-16,4203,391130
Zone_82,2025-07-17,3970,337612
Zone_82,2025-07-18,4126,346094
Zone_82,2025-07-19,3966,401338
Zone_82,2025-07-20,4240,371328
Zone_82,2025-07-21,3813,372701
Zone_82,2025-07-22,4288,357609
Zone_82,2025-07-23,4347,400501
Zone_83,2025-06-24,2108,279626
Zone_83,2025-06-25,2004,300879
Zone_83,2025-06-26,1990,264171
Zone_83,2025-06-27,1903,278348
Zone_83,2025-06-28,1821,271031
Zone_83,2025-06-29,2053,231782
Zone_83,2025-06-30,2096,295286
Zone_83,2025-07-01,1902,284190
Zone_83,2025-07-02,1947,297349
Zone_83,2025-07-03,2042,246945
Zone_83,2025-07-04,2004,269836
Zone_83,2025-07-05,1955,259822
Zone_83,2025-07-06,2117,293709
Zone_83,2025-07-07,1874,248200
Zone_83,2025-07-08,1909,282103
Zone_83,2025-07-09,1970,297792
Zone_83,2025-07-10,2023,292358
Zone_83,2025-07-11,1978,247151
Zone_83,2025-07-12,1927,294092
Zone_83,2025-07-13,1941,283418
Zone_83,2025-07-14,1915,254041
Zone_83,2025-07-15,1934,279699
Zone_83,2025-07-16,1883,269259
Zone_83,2025-07-17,1855,295226
Zone_83,2025-07-18,1918,301618
Zone_83,2025-07-19,2095,272223
Zone_83,2025-07-20,1848,233802
Zone_83,2025-07-21,1803,247448
Zone_83,2025-07-22,2081,275996
Zone_83,2025-07-23,1984,231223
Zone_84,2025-06-24,4777,59019
Zone_84,2025-06-25,5154,54996
Zone_84,2025-06-26,5225,61931
Zone_84,2025-06-27,5025,55838
Zone_84,2025-06-28,5130,64873
Zone_84,2025-06-29,4548,58226
Zone_84,2025-06-30,5052,57773
Zone_84,2025-07-01,4914,55378
Zone_84,2025-07-02,5262,67677
Zone_84,2025-07-03,5287,52270
Zone_84,2025-07-04,4974,53805
Zone_84,2025-07-05,4625,54285
Zone_84,2025-07-06,5268,50612
Zone_84,2025-07-07,5348,57466
Zone_84,2025-07-08,4895,55018
Zone_84,2025-07-09,5488,58422
Zone_84,2025-07-10,5084,54644
Zone_84,2025-07-11,5101,53578
Zone_84,2025-07-12,4547,63512
Zone_84,2025-07-13,5121,57117
Zone_84,2025-07-14,5067,52709
Zone_84,2025-07-15,5034,49347
Zone_84,2025-07-16,5660,50766
Zone_84,2025-07-17,4819,53856
Zone_84,2025-07-18,5409,55625
Zone_84,2025-07-19,4767,60448
Zone_84,2025-07-20,5267,57663
Zone_84,2025-07-21,5263,64882
Zone_84,2025-07-22,5637,52897
Zone_84,2025-07-23,5494,57059
Zone_85,2025-06-24,4301,422965
Zone_85,2025-06-25,4161,452502
Zone_85,2025-06-26,4370,515775
Zone_85,2025-06-27,3761,479061
Zone_85,2025-06-28,4432,473532
Zone_85,2025-06-29,4349,491596
Zone_85,2025-06-30,4268,470689
Zone_85,2025-07-01,3941,442134
Zone_85,2025-07-02,4345,480455
Zone_85,2025-07-03,4167,465565
Zone_85,2025-07-04,4132,514963
Zone_85,2025-07-05,4126,434760
Zone_85,2025-07-06,4353,472920
Zone_85,2025-07-07,4203,533794
Zone_85,2025-07-08,4192,489514
Zone_85,2025-07-09,3949,472424
Zone_85,2025-07-10,4324,427563
Zone_85,2025-07-11,4239,483187
Zone_85,2025-07-12,4205,514636
Zone_85,2025-07-13,4267,529444
Zone_85,2025-07-14,3988,484367
Zone_85,2025-07-15,4214,443889
Zone_85,2025-07-16,4397,557878
Zone_85,2025-07-17,4193,496763
Zone_85,2025-07-18,4214,455835
Zone_85,2025-07-19,3814,456097
Zone_85,2025-07-20,3904,537036
Zone_85,2025-07-21,4172,468183
Zone_85,2025-07-22,4383,442126
Zone_85,2025-07-23,4036,482088
Zone_86,2025-06-24,3481,318909
Zone_86,2025-06-25,3352,309774
Zone_86,2025-06-26,3377,312438
Zone_86,2025-06-27,3140,309083
Zone_86,2025-06-28,3133,309838
Zone_86,2025-06-29,3231,362855
Zone_86,2025-06-30,3304,277805
Zone_86,2025-07-01,3288,319290
Zone_86,2025-07-02,3588,295377
Zone_86,2025-07-03,3049,325706
Zone_86,2025-07-04,3082,298683
Zone_86,2025-07-05,3268,306588
Zone_86,2025-07-06,3425,293346
Zone_86,2025-07-07,3265,307782
Zone_86,2025-07-08,3335,310199
Zone_86,2025-07-09,3383,326288
Zone_86,2025-07-10,3376,317872
Zone_86,2025-07-11,3049,309173
Zone_86,2025-07-12,3390,323810
Zone_86,2025-07-13,3196,293876
Zone_86,2025-07-14,3215,319658
Zone_86,2025-07-15,3482,299302
Zone_86,2025-07-16,3461,310753
Zone_86,2025-07-17,3290,303531
Zone_86,2025-07-18,3434,315111
Zone_86,2025-07-19,3687,289710
Zone_86,2025-07-20,3396,296677
Zone_86,2025-07-21,3167,307855
Zone_86,2025-07-22,3333,371024
Zone_86,2025-07-23,3280,283716
Zone_87,2025-06-24,2629,81205
Zone_87,2025-06-25,2582,95108
Zone_87,2025-06-26,2697,101476
Zone_87,2025-06-27,2528,94000
Zone_87,2025-06-28,2494,87500
Zone_87,2025-06-29,2634,86532
Zone_87,2025-06-30,2540,88383
Zone_87,2025-07-01,2665,106981
Zone_87,2025-07-02,2425,82679
Zone_87,2025-07-03,2577,95106
Zone_87,2025-07-04,2622,92033
Zone_87,2025-07-05,2567,97445
Zone_87,2025-07-06,2728,82000
Zone_87,2025-07-07,2546,96423
Zone_87,2025-07-08,2474,106514
Zone_87,2025-07-09,2511,94727
Zone_87,2025-07-10,2666,91069
Zone_87,2025-07-11,2354,92151
Zone_87,2025-07-12,2727,92761
Zone_87,2025-07-13,2484,101157
Zone_87,2025-07-14,2551,91609
Zone_87,2025-07-15,2613,100127
Zone_87,2025-07-16,2902,100503
Zone_87,2025-07-17,2744,91637
Zone_87,2025-07-18,2460,95416
Zone_87,2025-07-19,2607,87829
Zone_87,2025-07-20,2571,97657
Zone_87,2025-07-21,2640,98355
Zone_87,2025-07-22,2631,91630
Zone_87,2025-07-23,2527,87028
Zone_88,2025-06-24,1589,549386
Zone_88,2025-06-25,1442,513184
Zone_88,2025-06-26,1673,507631
Zone_88,2025-06-27,1427,564846
Zone_88,2025-06-28,1502,585674
Zone_88,2025-06-29,1590,568317
Zone_88,2025-06-30,1381,538997
Zone_88,2025-07-01,1481,628333
Zone_88,2025-07-02,1357,595074
Zone_88,2025-07-03,1472,581060
Zone_88,2025-07-04,1451,516502
Zone_88,2025-07-05,1513,574013
Zone_88,2025-07-06,1529,548358
Zone_88,2025-07-07,1415,488980
Zone_88,2025-07-08,1518,565156
Zone_88,2025-07-09,1388,528177
Zone_88,2025-07-10,1424,491892
Zone_88,2025-07-11,1399,505307
Zone_88,2025-07-12,1428,520488
Zone_88,2025-07-13,1340,626579
Zone_88,2025-07-14,1550,518939
Zone_88,2025-07-15,1478,564909
Zone_88,2025-07-16,1545,517418
Zone_88,2025-07-17,1538,527818
Zone_88,2025-07-18,1361,576691
Zone_88,2025-07-19,1553,648299
Zone_88,2025-07-20,1371,575723
Zone_88,2025-07-21,1429,578967
Zone_88,2025-07-22,1351,500353
Zone_88,2025-07-23,1402,551903
Zone_89,2025-06-24,3495,273868
Zone_89,2025-06-25,3796,272778
Zone_89,2025-06-26,3903,269411
Zone_89,2025-06-27,3391,286775
Zone_89,2025-06-28,3501,278474
Zone_89,2025-06-29,3895,270159
Zone_89,2025-06-30,3340,244964
Zone_89,2025-07-01,3849,258691
Zone_89,2025-07-02,3625,275696
Zone_89,2025-07-03,3736,266900
Zone_89,2025-07-04,3573,256061
Zone_89,2025-07-05,3765,271935
Zone_89,2025-07-06,3564,281621
Zone_89,2025-07-07,3587,246183
Zone_89,2025-07-08,3473,243855
Zone_89,2025-07-09,3561,284399
Zone_89,2025-07-10,3465,265244
Zone_89,2025-07-11,3492,257020
Zone_89,2025-07-12,3338,257749
Zone_89,2025-07-13,3576,271691
Zone_89,2025-07-14,3651,239830
Zone_89,2025-07-15,3806,265644
Zone_89,2025-07-16,3646,261622
Zone_89,2025-07-17,3517,265782
Zone_89,2025-07-18,3696,229778
Zone_89,2025-07-19,3513,257119
Zone_89,2025-07-20,3657,283658
Zone_89,2025-07-21,3471,252665
Zone_89,2025-07-22,3518,247102
Zone_89,2025-07-23,3548,275916
Zone_90,2025-06-24,2054,260417
Zone_90,2025-06-25,1984,242910
Zone_90,2025-06-26,2133,282489
Zone_90,2025-06-27,2139,213885
Zone_90,2025-06-28,1952,253448
Zone_90,2025-06-29,2235,259491
Zone_90,2025-06-30,2187,273417
Zone_90,2025-07-01,2110,268685
Zone_90,2025-07-02,1992,236829
Zone_90,2025-07-03,1973,247981
Zone_90,2025-07-04,2163,254865
Zone_90,2025-07-05,2175,236429
Zone_90,2025-07-06,2148,226342
Zone_90,2025-07-07,2316,247472
Zone_90,2025-07-08,2115,280969
Zone_90,2025-07-09,2034,232923
Zone_90,2025-07-10,2050,251644
Zone_90,2025-07-11,2215,265937
Zone_90,2025-07-12,2447,213032
Zone_90,2025-07-13,2235,242985
Zone_90,2025-07-14,2105,241876
Zone_90,2025-07-15,2070,282660
Zone_90,2025-07-16,2260,253256
Zone_90,2025-07-17,2315,226075
Zone_90,2025-07-18,2024,214297
Zone_90,2025-07-19,2093,255707
Zone_90,2025-07-20,2180,255489
Zone_90,2025-07-21,2015,267061
Zone_90,2025-07-22,2194,265820
Zone_90,2025-07-23,1963,258359
Zone_91,2025-06-24,2620,72010
Zone_91,2025-06-25,2860,74543
Zone_91,2025-06-26,2667,74103
Zone_91,2025-06-27,2572,80035
Zone_91,2025-06-28,2757,79870
Zone_91,2025-06-29,2712,71356
Zone_91,2025-06-30,2679,78613
Zone_91,2025-07-01,2687,77413
Zone_91,2025-07-02,2732,63825
Zone_91,2025-07-03,2706,67957
Zone_91,2025-07-04,2790,67898
Zone_91,2025-07-05,2914,73598
Zone_91,2025-07-06,2761,77471
Zone_91,2025-07-07,2920,73966
Zone_91,2025-07-08,2678,64873
Zone_91,2025-07-09,2690,70870
Zone_91,2025-07-10,2800,72281
Zone_91,2025-07-11,2881,70892
Zone_91,2025-07-12,2778,80209
Zone_91,2025-07-13,2833,73759
Zone_91,2025-07-14,2702,70787
Zone_91,2025-07-15,2667,71265
Zone_91,2025-07-16,2891,72920
Zone_91,2025-07-17,2597,83238
Zone_91,2025-07-18,2830,66776
Zone_91,2025-07-19,2724,74645
Zone_91,2025-07-20,3023,68325
Zone_91,2025-07-21,2921,81327
Zone_91,2025-07-22,2698,72632
Zone_91,2025-07-23,2641,73016
Zone_92,2025-06-24,944,232577
Zone_92,2025-06-25,997,210670
Zone_92,2025-06-26,852,221981
Zone_92,2025-06-27,959,226193
Zone_92,2025-06-28,930,224253
Zone_92,2025-06-29,1017,228252
Zone_92,2025-06-30,928,214528
Zone_92,2025-07-01,937,247782
Zone_92,2025-07-02,937,222003
Zone_92,2025-07-03,923,239414
Zone_92,2025-07-04,1038,229324
Zone_92,2025-07-05,949,222884
Zone_92,2025-07-06,833,233907
Zone_92,2025-07-07,952,228977
Zone_92,2025-07-08,912,216329
Zone_92,2025-07-09,926,238210
Zone_92,2025-07-10,928,254722
Zone_92,2025-07-11,966,202460
Zone_92,2025-07-12,939,212170
Zone_92,2025-07-13,842,247202
Zone_92,2025-07-14,979,230609
Zone_92,2025-07-15,953,200805
Zone_92,2025-07-16,923,235411
Zone_92,2025-07-17,896,182913
Zone_92,2025-07-18,935,220105
Zone_92,2025-07-19,952,233649
Zone_92,2025-07-20,976,226338
Zone_92,2025-07-21,1002,198674
Zone_92,2025-07-22,969,232062
Zone_92,2025-07-23,887,198924
Zone_93,2025-06-24,3869,292991
Zone_93,2025-06-25,4170,294002
Zone_93,2025-06-26,3846,294064
Zone_93,2025-06-27,4243,307498
Zone_93,2025-06-28,3982,304852
Zone_93,2025-06-29,4278,291106
Zone_93,2025-06-30,4283,311744
Zone_93,2025-07-01,3986,361000
Zone_93,2025-07-02,3806,299611
Zone_93,2025-07-03,3771,327700
Zone_93,2025-07-04,4358,343130
Zone_93,2025-07-05,4264,302968
Zone_93,2025-07-06,3945,271279
Zone_93,2025-07-07,4428,317303
Zone_93,2025-07-08,3920,335778
Zone_93,2025-07-09,3823,315962
Zone_93,2025-07-10,3984,320952
Zone_93,2025-07-11,4006,276015
Zone_93,2025-07-12,4034,329774
Zone_93,2025-07-13,4013,323887
Zone_93,2025-07-14,3808,306653
Zone_93,2025-07-15,3893,323282
Zone_93,2025-07-16,4025,322058
Zone_93,2025-07-17,4237,322091
Zone_93,2025-07-18,4073,285751
Zone_93,2025-07-19,4018,295753
Zone_93,2025-07-20,3949,299163
Zone_93,2025-07-21,3822,265124
Zone_93,2025-07-22,3884,311376
Zone_93,2025-07-23,3748,307555
Zone_94,2025-06-24,4063,283848
Zone_94,2025-06-25,4015,272131
Zone_94,2025-06-26,3927,251455
Zone_94,2025-06-27,3591,214091
Zone_94,2025-06-28,3931,293438
Zone_94,2025-06-29,3608,260170
Zone_94,2025-06-30,3571,271973
Zone_94,2025-07-01,3919,232565
Zone_94,2025-07-02,3786,259749
Zone_94,2025-07-03,3732,273389
Zone_94,2025-07-04,3676,262958
Zone_94,2025-07-05,3671,282870
Zone_94,2025-07-06,3788,268968
Zone_94,2025-07-07,3475,257859
Zone_94,2025-07-08,3877,265577
Zone_94,2025-07-09,3833,297632
Zone_94,2025-07-10,3903,266606
Zone_94,2025-07-11,3616,217532
Zone_94,2025-07-12,3679,258834
Zone_94,2025-07-13,3783,262025
Zone_94,2025-07-14,3651,231886
Zone_94,2025-07-15,3536,273716
Zone_94,2025-07-16,4029,263070
Zone_94,2025-07-17,3771,282539
Zone_94,2025-07-18,3560,271680
Zone_94,2025-07-19,3573,280914
Zone_94,2025-07-20,3739,270412
Zone_94,2025-07-21,3565,277988
Zone_94,2025-07-22,4097,246190
Zone_94,2025-07-23,3647,269173
Zone_95,2025-06-24,2633,397509
Zone_95,2025-06-25,2175,453076
Zone_95,2025-06-26,2630,363238
Zone_95,2025-06-27,2457,459128
Zone_95,2025-06-28,2717,440896
Zone_95,2025-06-29,2511,416117
Zone_95,2025-06-30,2517,446387
Zone_95,2025-07-01,2423,390378
Zone_95,2025-07-02,2662,412429
Zone_95,2025-07-03,2708,394267
Zone_95,2025-07-04,2527,387000
Zone_95,2025-07-05,2534,370895
Zone_95,2025-07-06,2472,372120
Zone_95,2025-07-07,2621,434466
Zone_95,2025-07-08,2314,452343
Zone_95,2025-07-09,2850,415046
Zone_95,2025-07-10,2452,495506
Zone_95,2025-07-11,2366,414296
Zone_95,2025-07-12,2556,452669
Zone_95,2025-07-13,2579,399273
Zone_95,2025-07-14,2413,403814
Zone_95,2025-07-15,2406,415099
Zone_95,2025-07-16,2462,370446
Zone_95,2025-07-17,2693,399301
Zone_95,2025-07-18,2373,408841
Zone_95,2025-07-19,2542,363136
Zone_95,2025-07-20,2576,383388
Zone_95,2025-07-21,2750,428887
Zone_95,2025-07-22,2483,392133
Zone_95,2025-07-23,2520,431460
Zone_96,2025-06-24,2639,469404
Zone_96,2025-06-25,2650,456501
Zone_96,2025-06-26,2597,407056
Zone_96,2025-06-27,2771,486619
Zone_96,2025-06-28,2540,540002
Zone_96,2025-06-29,2654,442078
Zone_96,2025-06-30,2756,489931
Zone_96,2025-07-01,2695,462444
Zone_96,2025-07-02,2702,467916
Zone_96,2025-07-03,2716,413090
Zone_96,2025-07-04,2585,534110
Zone_96,2025-07-05,2541,456502
Zone_96,2025-07-06,2583,436117
Zone_96,2025-07-07,2351,468956
Zone_96,2025-07-08,2660,474898
Zone_96,2025-07-09,2623,478086
Zone_96,2025-07-10,2778,470295
Zone_96,2025-07-11,2567,467270
Zone_96,2025-07-12,2719,523762
Zone_96,2025-07-13,2559,479950
Zone_96,2025-07-14,2687,443532
Zone_96,2025-07-15,2645,427747
Zone_96,2025-07-16,2409,488886
Zone_96,2025-07-17,2592,483399
Zone_96,2025-07-18,2640,444071
Zone_96,2025-07-19,2637,435506
Zone_96,2025-07-20,2826,431407
Zone_96,2025-07-21,2617,441874
Zone_96,2025-07-22,2718,465591
Zone_96,2025-07-23,2574,505117
Zone_97,2025-06-24,1289,395678
Zone_97,2025-06-25,1224,344316
Zone_97,2025-06-26,1294,373344
Zone_97,2025-06-27,1328,379731
Zone_97,2025-06-28,1301,338473
Zone_97,2025-06-29,1409,377477
Zone_97,2025-06-30,1332,359518
Zone_97,2025-07-01,1307,347041
Zone_97,2025-07-02,1317,372352
Zone_97,2025-07-03,1289,400525
Zone_97,2025-07-04,1208,363571
Zone_97,2025-07-05,1317,437955
Zone_97,2025-07-06,1279,397669
Zone_97,2025-07-07,1281,433785
Zone_97,2025-07-08,1175,384397
Zone_97,2025-07-09,1183,314865
Zone_97,2025-07-10,1307,385596
Zone_97,2025-07-11,1269,379029
Zone_97,2025-07-12,1487,374966
Zone_97,2025-07-13,1320,364509
Zone_97,2025-07-14,1307,375499
Zone_97,2025-07-15,1261,430488
Zone_97,2025-07-16,1363,385523
Zone_97,2025-07-17,1139,372217
Zone_97,2025-07-18,1462,375702
Zone_97,2025-07-19,1359,420412
Zone_97,2025-07-20,1302,359365
Zone_97,2025-07-21,1131,400156
Zone_97,2025-07-22,1235,386576
Zone_97,2025-07-23,1207,374777
Zone_98,2025-06-24,3782,475953
Zone_98,2025-06-25,3565,506311
Zone_98,2025-06-26,3663,412411
Zone_98,2025-06-27,3755,468294
Zone_98,2025-06-28,3806,511714
Zone_98,2025-06-29,3731,463258
Zone_98,2025-06-30,3567,494003
Zone_98,2025-07-01,3810,453434
Zone_98,2025-07-02,3416,514405
Zone_98,2025-07-03,3544,447834
Zone_98,2025-07-04,3843,428040
Zone_98,2025-07-05,3494,397712
Zone_98,2025-07-06,3912,449341
Zone_98,2025-07-07,4328,434652
Zone_98,2025-07-08,3602,448680
Zone_98,2025-07-09,3821,451793
Zone_98,2025-07-10,3891,435168
Zone_98,2025-07-11,3515,408364
Zone_98,2025-07-12,3356,450228
Zone_98,2025-07-13,3719,446520
Zone_98,2025-07-14,4010,507328
Zone_98,2025-07-15,3712,408505
Zone_98,2025-07-16,3669,447554
Zone_98,2025-07-17,3651,444353
Zone_98,2025-07-18,3652,454529
Zone_98,2025-07-19,3656,473982
Zone_98,2025-07-20,3844,437390
Zone_98,2025-07-21,4015,435120
Zone_98,2025-07-22,3470,479622
Zone_98,2025-07-23,3621,477676
Zone_99,2025-06-24,2427,117548
Zone_99,2025-06-25,2851,95858
Zone_99,2025-06-26,2555,119645
Zone_99,2025-06-27,2657,100853
Zone_99,2025-06-28,2446,104478
Zone_99,2025-06-29,2727,112472
Zone_99,2025-06-30,2565,95709
Zone_99,2025-07-01,2821,114656
Zone_99,2025-07-02,2542,115216
Zone_99,2025-07-03,2764,115293
Zone_99,2025-07-04,2749,88197
Zone_99,2025-07-05,2738,115056
Zone_99,2025-07-06,2635,104199
Zone_99,2025-07-07,2734,85368
Zone_99,2025-07-08,2989,100349
Zone_99,2025-07-09,2828,106457
Zone_99,2025-07-10,2932,110152
Zone_99,2025-07-11,2726,100408
Zone_99,2025-07-12,2869,93061
Zone_99,2025-07-13,2848,98867
Zone_99,2025-07-14,2931,108317
Zone_99,2025-07-15,2847,107722
Zone_99,2025-07-16,2517,100654
Zone_99,2025-07-17,2851,108357
Zone_99,2025-07-18,2921,110131
Zone_99,2025-07-19,2625,101139
Zone_99,2025-07-20,2773,89758
Zone_99,2025-07-21,2989,110420
Zone_99,2025-07-22,2928,95257
Zone_99,2025-07-23,2930,123838
Zone_100,2025-06-24,2974,559378
Zone_100,2025-06-25,3185,473344
Zone_100,2025-06-26,3263,561689
Zone_100,2025-06-27,3089,574035
Zone_100,2025-06-28,2919,475190
Zone_100,2025-06-29,3206,531664
Zone_100,2025-06-30,3070,560797
Zone_100,2025-07-01,3269,562601
Zone_100,2025-07-02,3165,553107
Zone_100,2025-07-03,3114,607021
Zone_100,2025-07-04,3055,608933
Zone_100,2025-07-05,3190,479620
Zone_100,2025-07-06,3402,535398
Zone_100,2025-07-07,3320,576187
Zone_100,2025-07-08,3238,508718
Zone_100,2025-07-09,3340,530749
Zone_100,2025-07-10,3294,450708
Zone_100,2025-07-11,3256,506997
Zone_100,2025-07-12,3448,553868
Zone_100,2025-07-13,3223,548787
Zone_100,2025-07-14,3025,591025
Zone_100,2025-07-15,3502,545317
Zone_100,2025-07-16,3438,509576
Zone_100,2025-07-17,3058,532241
Zone_100,2025-07-18,3254,516084
Zone_100,2025-07-19,3270,542103
Zone_100,2025-07-20,3026,549994
Zone_100,2025-07-21,3322,537091
Zone_100,2025-07-22,3368,485493
Zone_100,2025-07-23,3259,487244
